train,Archery,v_Archery_g01_c01,131
train,Archery,v_Archery_g01_c03,158
train,Archery,v_Archery_g01_c04,125
train,Archery,v_Archery_g01_c05,135
train,Archery,v_Archery_g01_c07,143
train,Archery,v_Archery_g02_c02,160
train,Archery,v_Archery_g02_c03,138
train,Archery,v_Archery_g02_c04,109
train,Archery,v_Archery_g02_c05,127
train,Archery,v_Archery_g02_c06,113
train,Archery,v_Archery_g03_c01,151
train,Archery,v_Archery_g03_c02,177
train,Archery,v_Archery_g03_c03,126
train,Archery,v_Archery_g03_c05,125
train,Archery,v_Archery_g04_c01,165
train,Archery,v_Archery_g04_c04,135
train,Archery,v_Archery_g04_c05,149
train,Archery,v_Archery_g05_c01,456
train,Archery,v_Archery_g05_c03,489
train,Archery,v_Archery_g05_c04,52
train,Archery,v_Archery_g05_c05,197
train,Archery,v_Archery_g06_c02,116
train,Archery,v_Archery_g06_c03,87
train,Archery,v_Archery_g06_c04,104
train,Archery,v_Archery_g06_c05,130
train,Archery,v_Archery_g06_c06,132
train,Archery,v_Archery_g07_c01,92
train,Archery,v_Archery_g07_c02,73
train,Archery,v_Archery_g07_c04,52
train,Archery,v_Archery_g07_c05,65
train,Archery,v_Archery_g07_c06,68
train,Archery,v_Archery_g08_c02,116
train,Archery,v_Archery_g08_c03,326
train,Archery,v_Archery_g08_c04,343
train,Archery,v_Archery_g08_c05,367
train,Archery,v_Archery_g09_c01,100
train,Archery,v_Archery_g09_c02,84
train,Archery,v_Archery_g09_c03,83
train,Archery,v_Archery_g09_c04,96
train,Archery,v_Archery_g09_c05,97
train,Archery,v_Archery_g09_c06,86
train,Archery,v_Archery_g09_c07,108
train,Archery,v_Archery_g10_c03,203
train,Archery,v_Archery_g10_c04,208
train,Archery,v_Archery_g10_c05,188
train,Archery,v_Archery_g10_c06,176
train,Archery,v_Archery_g10_c07,126
train,Archery,v_Archery_g11_c01,194
train,Archery,v_Archery_g11_c03,296
train,Archery,v_Archery_g11_c04,259
train,Archery,v_Archery_g11_c05,211
train,Archery,v_Archery_g11_c07,265
train,Archery,v_Archery_g12_c01,355
train,Archery,v_Archery_g12_c02,398
train,Archery,v_Archery_g12_c03,436
train,Archery,v_Archery_g13_c02,148
train,Archery,v_Archery_g13_c03,161
train,Archery,v_Archery_g13_c05,186
train,Archery,v_Archery_g13_c06,165
train,Archery,v_Archery_g13_c07,191
train,Archery,v_Archery_g14_c01,208
train,Archery,v_Archery_g14_c02,221
train,Archery,v_Archery_g14_c03,170
train,Archery,v_Archery_g14_c04,245
train,Archery,v_Archery_g15_c01,111
train,Archery,v_Archery_g15_c04,204
train,Archery,v_Archery_g15_c05,176
train,Archery,v_Archery_g15_c06,175
train,Archery,v_Archery_g15_c07,176
train,Archery,v_Archery_g16_c03,207
train,Archery,v_Archery_g16_c04,119
train,Archery,v_Archery_g16_c05,263
train,Archery,v_Archery_g17_c02,95
train,Archery,v_Archery_g17_c03,97
train,Archery,v_Archery_g17_c04,67
train,Archery,v_Archery_g18_c03,200
train,Archery,v_Archery_g18_c04,169
train,Archery,v_Archery_g18_c05,153
train,Archery,v_Archery_g18_c06,161
train,Archery,v_Archery_g18_c07,141
train,Archery,v_Archery_g19_c01,131
train,Archery,v_Archery_g19_c03,160
train,Archery,v_Archery_g19_c04,93
train,Archery,v_Archery_g20_c03,95
train,Archery,v_Archery_g20_c04,100
train,Archery,v_Archery_g20_c05,121
train,Archery,v_Archery_g20_c06,117
train,Archery,v_Archery_g20_c07,99
train,Archery,v_Archery_g21_c01,102
train,Archery,v_Archery_g21_c03,219
train,Archery,v_Archery_g21_c04,206
train,Archery,v_Archery_g22_c01,66
train,Archery,v_Archery_g22_c03,92
train,Archery,v_Archery_g22_c04,74
train,Archery,v_Archery_g22_c05,69
train,Archery,v_Archery_g23_c02,116
train,Archery,v_Archery_g23_c03,112
train,Archery,v_Archery_g23_c04,106
train,Archery,v_Archery_g23_c05,92
train,Archery,v_Archery_g23_c06,87
train,Archery,v_Archery_g23_c07,85
train,Archery,v_Archery_g24_c01,92
train,Archery,v_Archery_g24_c03,111
train,Archery,v_Archery_g24_c04,122
train,Archery,v_Archery_g24_c05,128
train,Archery,v_Archery_g25_c01,209
train,Archery,v_Archery_g25_c02,190
train,Archery,v_Archery_g25_c03,204
train,Archery,v_Archery_g25_c06,236
train,Archery,v_Archery_g25_c07,134
train,BalanceBeam,v_BalanceBeam_g01_c02,91
train,BalanceBeam,v_BalanceBeam_g01_c03,113
train,BalanceBeam,v_BalanceBeam_g01_c04,112
train,BalanceBeam,v_BalanceBeam_g02_c02,101
train,BalanceBeam,v_BalanceBeam_g02_c03,61
train,BalanceBeam,v_BalanceBeam_g02_c04,134
train,BalanceBeam,v_BalanceBeam_g03_c02,106
train,BalanceBeam,v_BalanceBeam_g03_c03,102
train,BalanceBeam,v_BalanceBeam_g03_c04,75
train,BalanceBeam,v_BalanceBeam_g04_c01,121
train,BalanceBeam,v_BalanceBeam_g04_c03,161
train,BalanceBeam,v_BalanceBeam_g04_c04,132
train,BalanceBeam,v_BalanceBeam_g05_c01,96
train,BalanceBeam,v_BalanceBeam_g05_c03,112
train,BalanceBeam,v_BalanceBeam_g05_c04,181
train,BalanceBeam,v_BalanceBeam_g06_c01,107
train,BalanceBeam,v_BalanceBeam_g06_c03,106
train,BalanceBeam,v_BalanceBeam_g06_c04,121
train,BalanceBeam,v_BalanceBeam_g06_c05,103
train,BalanceBeam,v_BalanceBeam_g06_c07,117
train,BalanceBeam,v_BalanceBeam_g07_c01,79
train,BalanceBeam,v_BalanceBeam_g07_c02,111
train,BalanceBeam,v_BalanceBeam_g07_c04,108
train,BalanceBeam,v_BalanceBeam_g08_c01,141
train,BalanceBeam,v_BalanceBeam_g08_c02,126
train,BalanceBeam,v_BalanceBeam_g08_c04,117
train,BalanceBeam,v_BalanceBeam_g09_c01,101
train,BalanceBeam,v_BalanceBeam_g09_c02,80
train,BalanceBeam,v_BalanceBeam_g09_c04,207
train,BalanceBeam,v_BalanceBeam_g10_c01,80
train,BalanceBeam,v_BalanceBeam_g10_c02,70
train,BalanceBeam,v_BalanceBeam_g10_c04,123
train,BalanceBeam,v_BalanceBeam_g11_c01,111
train,BalanceBeam,v_BalanceBeam_g11_c02,69
train,BalanceBeam,v_BalanceBeam_g11_c04,117
train,BalanceBeam,v_BalanceBeam_g12_c01,76
train,BalanceBeam,v_BalanceBeam_g12_c02,70
train,BalanceBeam,v_BalanceBeam_g12_c04,97
train,BalanceBeam,v_BalanceBeam_g13_c01,137
train,BalanceBeam,v_BalanceBeam_g13_c02,126
train,BalanceBeam,v_BalanceBeam_g13_c04,66
train,BalanceBeam,v_BalanceBeam_g13_c05,110
train,BalanceBeam,v_BalanceBeam_g14_c01,146
train,BalanceBeam,v_BalanceBeam_g14_c03,202
train,BalanceBeam,v_BalanceBeam_g14_c04,154
train,BalanceBeam,v_BalanceBeam_g15_c01,90
train,BalanceBeam,v_BalanceBeam_g15_c03,126
train,BalanceBeam,v_BalanceBeam_g15_c04,99
train,BalanceBeam,v_BalanceBeam_g16_c01,125
train,BalanceBeam,v_BalanceBeam_g16_c03,113
train,BalanceBeam,v_BalanceBeam_g16_c04,101
train,BalanceBeam,v_BalanceBeam_g17_c01,192
train,BalanceBeam,v_BalanceBeam_g17_c03,322
train,BalanceBeam,v_BalanceBeam_g17_c04,231
train,BalanceBeam,v_BalanceBeam_g17_c05,208
train,BalanceBeam,v_BalanceBeam_g18_c01,126
train,BalanceBeam,v_BalanceBeam_g18_c02,146
train,BalanceBeam,v_BalanceBeam_g18_c03,182
train,BalanceBeam,v_BalanceBeam_g19_c01,154
train,BalanceBeam,v_BalanceBeam_g19_c03,119
train,BalanceBeam,v_BalanceBeam_g20_c02,101
train,BalanceBeam,v_BalanceBeam_g20_c03,101
train,BalanceBeam,v_BalanceBeam_g21_c01,133
train,BalanceBeam,v_BalanceBeam_g21_c02,106
train,BalanceBeam,v_BalanceBeam_g21_c03,126
train,BalanceBeam,v_BalanceBeam_g21_c05,116
train,BalanceBeam,v_BalanceBeam_g22_c01,96
train,BalanceBeam,v_BalanceBeam_g22_c02,97
train,BalanceBeam,v_BalanceBeam_g22_c04,116
train,BalanceBeam,v_BalanceBeam_g23_c01,126
train,BalanceBeam,v_BalanceBeam_g23_c02,90
train,BalanceBeam,v_BalanceBeam_g23_c04,108
train,BalanceBeam,v_BalanceBeam_g23_c05,112
train,BalanceBeam,v_BalanceBeam_g24_c01,87
train,BalanceBeam,v_BalanceBeam_g24_c03,101
train,BalanceBeam,v_BalanceBeam_g24_c04,84
train,BalanceBeam,v_BalanceBeam_g25_c01,81
train,BalanceBeam,v_BalanceBeam_g25_c03,93
train,BaseballPitch,v_BaseballPitch_g01_c01,107
train,BaseballPitch,v_BaseballPitch_g01_c02,94
train,BaseballPitch,v_BaseballPitch_g01_c03,104
train,BaseballPitch,v_BaseballPitch_g01_c05,92
train,BaseballPitch,v_BaseballPitch_g02_c01,79
train,BaseballPitch,v_BaseballPitch_g02_c03,76
train,BaseballPitch,v_BaseballPitch_g02_c04,85
train,BaseballPitch,v_BaseballPitch_g03_c01,87
train,BaseballPitch,v_BaseballPitch_g03_c03,88
train,BaseballPitch,v_BaseballPitch_g03_c05,70
train,BaseballPitch,v_BaseballPitch_g03_c07,97
train,BaseballPitch,v_BaseballPitch_g04_c02,114
train,BaseballPitch,v_BaseballPitch_g04_c04,118
train,BaseballPitch,v_BaseballPitch_g05_c01,118
train,BaseballPitch,v_BaseballPitch_g05_c03,91
train,BaseballPitch,v_BaseballPitch_g05_c05,72
train,BaseballPitch,v_BaseballPitch_g05_c07,70
train,BaseballPitch,v_BaseballPitch_g06_c01,99
train,BaseballPitch,v_BaseballPitch_g06_c02,87
train,BaseballPitch,v_BaseballPitch_g06_c04,47
train,BaseballPitch,v_BaseballPitch_g06_c05,63
train,BaseballPitch,v_BaseballPitch_g06_c06,61
train,BaseballPitch,v_BaseballPitch_g07_c01,65
train,BaseballPitch,v_BaseballPitch_g07_c02,138
train,BaseballPitch,v_BaseballPitch_g07_c03,78
train,BaseballPitch,v_BaseballPitch_g07_c05,70
train,BaseballPitch,v_BaseballPitch_g07_c07,80
train,BaseballPitch,v_BaseballPitch_g08_c02,105
train,BaseballPitch,v_BaseballPitch_g08_c04,95
train,BaseballPitch,v_BaseballPitch_g08_c06,108
train,BaseballPitch,v_BaseballPitch_g09_c01,68
train,BaseballPitch,v_BaseballPitch_g09_c03,73
train,BaseballPitch,v_BaseballPitch_g09_c04,63
train,BaseballPitch,v_BaseballPitch_g09_c05,63
train,BaseballPitch,v_BaseballPitch_g09_c07,100
train,BaseballPitch,v_BaseballPitch_g10_c01,104
train,BaseballPitch,v_BaseballPitch_g10_c02,174
train,BaseballPitch,v_BaseballPitch_g10_c04,118
train,BaseballPitch,v_BaseballPitch_g10_c05,104
train,BaseballPitch,v_BaseballPitch_g11_c01,104
train,BaseballPitch,v_BaseballPitch_g11_c03,68
train,BaseballPitch,v_BaseballPitch_g11_c04,58
train,BaseballPitch,v_BaseballPitch_g11_c05,77
train,BaseballPitch,v_BaseballPitch_g12_c02,127
train,BaseballPitch,v_BaseballPitch_g12_c04,60
train,BaseballPitch,v_BaseballPitch_g13_c02,123
train,BaseballPitch,v_BaseballPitch_g13_c03,140
train,BaseballPitch,v_BaseballPitch_g13_c04,131
train,BaseballPitch,v_BaseballPitch_g13_c06,75
train,BaseballPitch,v_BaseballPitch_g13_c07,108
train,BaseballPitch,v_BaseballPitch_g14_c01,104
train,BaseballPitch,v_BaseballPitch_g14_c03,97
train,BaseballPitch,v_BaseballPitch_g14_c04,109
train,BaseballPitch,v_BaseballPitch_g15_c01,70
train,BaseballPitch,v_BaseballPitch_g15_c03,75
train,BaseballPitch,v_BaseballPitch_g15_c05,73
train,BaseballPitch,v_BaseballPitch_g15_c07,82
train,BaseballPitch,v_BaseballPitch_g16_c01,87
train,BaseballPitch,v_BaseballPitch_g16_c02,106
train,BaseballPitch,v_BaseballPitch_g16_c04,97
train,BaseballPitch,v_BaseballPitch_g16_c05,84
train,BaseballPitch,v_BaseballPitch_g16_c06,78
train,BaseballPitch,v_BaseballPitch_g17_c02,102
train,BaseballPitch,v_BaseballPitch_g17_c03,87
train,BaseballPitch,v_BaseballPitch_g17_c04,80
train,BaseballPitch,v_BaseballPitch_g17_c06,68
train,BaseballPitch,v_BaseballPitch_g17_c07,66
train,BaseballPitch,v_BaseballPitch_g18_c01,70
train,BaseballPitch,v_BaseballPitch_g18_c03,136
train,BaseballPitch,v_BaseballPitch_g18_c05,174
train,BaseballPitch,v_BaseballPitch_g18_c07,75
train,BaseballPitch,v_BaseballPitch_g19_c01,109
train,BaseballPitch,v_BaseballPitch_g19_c02,155
train,BaseballPitch,v_BaseballPitch_g19_c04,133
train,BaseballPitch,v_BaseballPitch_g19_c05,94
train,BaseballPitch,v_BaseballPitch_g20_c01,111
train,BaseballPitch,v_BaseballPitch_g20_c03,94
train,BaseballPitch,v_BaseballPitch_g20_c04,102
train,BaseballPitch,v_BaseballPitch_g21_c01,161
train,BaseballPitch,v_BaseballPitch_g21_c03,152
train,BaseballPitch,v_BaseballPitch_g22_c01,104
train,BaseballPitch,v_BaseballPitch_g22_c03,91
train,BaseballPitch,v_BaseballPitch_g22_c04,94
train,BaseballPitch,v_BaseballPitch_g22_c05,70
train,BaseballPitch,v_BaseballPitch_g22_c07,69
train,BaseballPitch,v_BaseballPitch_g23_c01,113
train,BaseballPitch,v_BaseballPitch_g23_c02,84
train,BaseballPitch,v_BaseballPitch_g23_c04,108
train,BaseballPitch,v_BaseballPitch_g23_c05,116
train,BaseballPitch,v_BaseballPitch_g23_c06,108
train,BaseballPitch,v_BaseballPitch_g24_c01,146
train,BaseballPitch,v_BaseballPitch_g24_c02,119
train,BaseballPitch,v_BaseballPitch_g24_c03,141
train,BaseballPitch,v_BaseballPitch_g24_c05,129
train,BaseballPitch,v_BaseballPitch_g24_c06,120
train,BaseballPitch,v_BaseballPitch_g24_c07,126
train,BaseballPitch,v_BaseballPitch_g25_c02,101
train,BaseballPitch,v_BaseballPitch_g25_c03,73
train,BaseballPitch,v_BaseballPitch_g25_c04,114
train,BaseballPitch,v_BaseballPitch_g25_c06,123
train,Basketball,v_Basketball_g01_c01,141
train,Basketball,v_Basketball_g01_c02,180
train,Basketball,v_Basketball_g01_c03,206
train,Basketball,v_Basketball_g01_c05,141
train,Basketball,v_Basketball_g01_c06,148
train,Basketball,v_Basketball_g01_c07,100
train,Basketball,v_Basketball_g02_c02,56
train,Basketball,v_Basketball_g02_c03,112
train,Basketball,v_Basketball_g02_c04,80
train,Basketball,v_Basketball_g02_c06,124
train,Basketball,v_Basketball_g03_c01,138
train,Basketball,v_Basketball_g03_c02,126
train,Basketball,v_Basketball_g03_c04,80
train,Basketball,v_Basketball_g03_c05,123
train,Basketball,v_Basketball_g03_c06,86
train,Basketball,v_Basketball_g04_c02,104
train,Basketball,v_Basketball_g04_c03,106
train,Basketball,v_Basketball_g04_c04,72
train,Basketball,v_Basketball_g05_c02,111
train,Basketball,v_Basketball_g05_c03,100
train,Basketball,v_Basketball_g05_c04,87
train,Basketball,v_Basketball_g06_c02,101
train,Basketball,v_Basketball_g06_c03,91
train,Basketball,v_Basketball_g06_c04,77
train,Basketball,v_Basketball_g07_c02,101
train,Basketball,v_Basketball_g07_c03,150
train,Basketball,v_Basketball_g07_c04,101
train,Basketball,v_Basketball_g08_c02,84
train,Basketball,v_Basketball_g08_c03,96
train,Basketball,v_Basketball_g08_c04,101
train,Basketball,v_Basketball_g09_c02,104
train,Basketball,v_Basketball_g09_c03,85
train,Basketball,v_Basketball_g09_c04,101
train,Basketball,v_Basketball_g10_c01,128
train,Basketball,v_Basketball_g10_c02,124
train,Basketball,v_Basketball_g10_c03,116
train,Basketball,v_Basketball_g10_c05,117
train,Basketball,v_Basketball_g11_c01,105
train,Basketball,v_Basketball_g11_c02,143
train,Basketball,v_Basketball_g11_c04,77
train,Basketball,v_Basketball_g11_c05,87
train,Basketball,v_Basketball_g12_c01,277
train,Basketball,v_Basketball_g12_c03,137
train,Basketball,v_Basketball_g12_c04,228
train,Basketball,v_Basketball_g12_c05,232
train,Basketball,v_Basketball_g13_c02,330
train,Basketball,v_Basketball_g13_c03,315
train,Basketball,v_Basketball_g13_c04,300
train,Basketball,v_Basketball_g14_c02,131
train,Basketball,v_Basketball_g14_c03,89
train,Basketball,v_Basketball_g14_c04,88
train,Basketball,v_Basketball_g15_c01,120
train,Basketball,v_Basketball_g15_c02,152
train,Basketball,v_Basketball_g15_c03,195
train,Basketball,v_Basketball_g15_c05,174
train,Basketball,v_Basketball_g15_c06,185
train,Basketball,v_Basketball_g15_c07,164
train,Basketball,v_Basketball_g16_c02,518
train,Basketball,v_Basketball_g16_c03,131
train,Basketball,v_Basketball_g16_c04,96
train,Basketball,v_Basketball_g16_c06,346
train,Basketball,v_Basketball_g17_c01,153
train,Basketball,v_Basketball_g17_c02,115
train,Basketball,v_Basketball_g17_c04,84
train,Basketball,v_Basketball_g18_c01,236
train,Basketball,v_Basketball_g18_c02,102
train,Basketball,v_Basketball_g18_c04,188
train,Basketball,v_Basketball_g18_c05,146
train,Basketball,v_Basketball_g19_c01,78
train,Basketball,v_Basketball_g19_c03,120
train,Basketball,v_Basketball_g19_c04,118
train,Basketball,v_Basketball_g19_c05,151
train,Basketball,v_Basketball_g19_c07,137
train,Basketball,v_Basketball_g20_c01,120
train,Basketball,v_Basketball_g20_c02,175
train,Basketball,v_Basketball_g20_c04,120
train,Basketball,v_Basketball_g20_c05,120
train,Basketball,v_Basketball_g20_c06,88
train,Basketball,v_Basketball_g21_c01,70
train,Basketball,v_Basketball_g21_c02,100
train,Basketball,v_Basketball_g21_c03,182
train,Basketball,v_Basketball_g21_c05,180
train,Basketball,v_Basketball_g21_c06,84
train,Basketball,v_Basketball_g22_c01,120
train,Basketball,v_Basketball_g22_c03,132
train,Basketball,v_Basketball_g22_c04,101
train,Basketball,v_Basketball_g22_c05,88
train,Basketball,v_Basketball_g22_c07,99
train,Basketball,v_Basketball_g23_c01,138
train,Basketball,v_Basketball_g23_c02,120
train,Basketball,v_Basketball_g23_c04,120
train,Basketball,v_Basketball_g23_c06,97
train,Basketball,v_Basketball_g24_c02,120
train,Basketball,v_Basketball_g24_c03,117
train,Basketball,v_Basketball_g24_c04,120
train,Basketball,v_Basketball_g25_c02,179
train,Basketball,v_Basketball_g25_c03,146
train,Basketball,v_Basketball_g25_c04,108
train,Basketball,v_Basketball_g25_c06,111
train,BoxingPunchingBag,v_BoxingPunchingBag_g01_c01,129
train,BoxingPunchingBag,v_BoxingPunchingBag_g01_c02,159
train,BoxingPunchingBag,v_BoxingPunchingBag_g01_c03,148
train,BoxingPunchingBag,v_BoxingPunchingBag_g01_c05,169
train,BoxingPunchingBag,v_BoxingPunchingBag_g01_c06,164
train,BoxingPunchingBag,v_BoxingPunchingBag_g01_c07,153
train,BoxingPunchingBag,v_BoxingPunchingBag_g02_c02,281
train,BoxingPunchingBag,v_BoxingPunchingBag_g02_c03,229
train,BoxingPunchingBag,v_BoxingPunchingBag_g02_c04,223
train,BoxingPunchingBag,v_BoxingPunchingBag_g02_c06,179
train,BoxingPunchingBag,v_BoxingPunchingBag_g02_c07,285
train,BoxingPunchingBag,v_BoxingPunchingBag_g03_c01,176
train,BoxingPunchingBag,v_BoxingPunchingBag_g03_c03,185
train,BoxingPunchingBag,v_BoxingPunchingBag_g03_c04,273
train,BoxingPunchingBag,v_BoxingPunchingBag_g03_c05,170
train,BoxingPunchingBag,v_BoxingPunchingBag_g03_c07,227
train,BoxingPunchingBag,v_BoxingPunchingBag_g04_c01,245
train,BoxingPunchingBag,v_BoxingPunchingBag_g04_c02,271
train,BoxingPunchingBag,v_BoxingPunchingBag_g04_c04,206
train,BoxingPunchingBag,v_BoxingPunchingBag_g04_c05,258
train,BoxingPunchingBag,v_BoxingPunchingBag_g04_c06,205
train,BoxingPunchingBag,v_BoxingPunchingBag_g05_c01,296
train,BoxingPunchingBag,v_BoxingPunchingBag_g05_c02,219
train,BoxingPunchingBag,v_BoxingPunchingBag_g05_c03,232
train,BoxingPunchingBag,v_BoxingPunchingBag_g05_c05,246
train,BoxingPunchingBag,v_BoxingPunchingBag_g05_c06,246
train,BoxingPunchingBag,v_BoxingPunchingBag_g05_c07,200
train,BoxingPunchingBag,v_BoxingPunchingBag_g06_c02,128
train,BoxingPunchingBag,v_BoxingPunchingBag_g06_c03,131
train,BoxingPunchingBag,v_BoxingPunchingBag_g06_c04,127
train,BoxingPunchingBag,v_BoxingPunchingBag_g06_c06,135
train,BoxingPunchingBag,v_BoxingPunchingBag_g06_c07,161
train,BoxingPunchingBag,v_BoxingPunchingBag_g07_c01,252
train,BoxingPunchingBag,v_BoxingPunchingBag_g07_c03,287
train,BoxingPunchingBag,v_BoxingPunchingBag_g07_c04,285
train,BoxingPunchingBag,v_BoxingPunchingBag_g07_c05,311
train,BoxingPunchingBag,v_BoxingPunchingBag_g07_c07,253
train,BoxingPunchingBag,v_BoxingPunchingBag_g08_c01,306
train,BoxingPunchingBag,v_BoxingPunchingBag_g08_c02,364
train,BoxingPunchingBag,v_BoxingPunchingBag_g08_c04,404
train,BoxingPunchingBag,v_BoxingPunchingBag_g08_c05,430
train,BoxingPunchingBag,v_BoxingPunchingBag_g08_c06,492
train,BoxingPunchingBag,v_BoxingPunchingBag_g09_c01,145
train,BoxingPunchingBag,v_BoxingPunchingBag_g09_c02,174
train,BoxingPunchingBag,v_BoxingPunchingBag_g09_c03,147
train,BoxingPunchingBag,v_BoxingPunchingBag_g09_c05,217
train,BoxingPunchingBag,v_BoxingPunchingBag_g09_c06,162
train,BoxingPunchingBag,v_BoxingPunchingBag_g09_c07,159
train,BoxingPunchingBag,v_BoxingPunchingBag_g10_c02,101
train,BoxingPunchingBag,v_BoxingPunchingBag_g10_c03,119
train,BoxingPunchingBag,v_BoxingPunchingBag_g10_c04,109
train,BoxingPunchingBag,v_BoxingPunchingBag_g11_c02,174
train,BoxingPunchingBag,v_BoxingPunchingBag_g11_c03,179
train,BoxingPunchingBag,v_BoxingPunchingBag_g11_c04,217
train,BoxingPunchingBag,v_BoxingPunchingBag_g12_c01,162
train,BoxingPunchingBag,v_BoxingPunchingBag_g12_c02,137
train,BoxingPunchingBag,v_BoxingPunchingBag_g12_c03,160
train,BoxingPunchingBag,v_BoxingPunchingBag_g12_c05,232
train,BoxingPunchingBag,v_BoxingPunchingBag_g12_c06,242
train,BoxingPunchingBag,v_BoxingPunchingBag_g12_c07,161
train,BoxingPunchingBag,v_BoxingPunchingBag_g13_c02,117
train,BoxingPunchingBag,v_BoxingPunchingBag_g13_c03,107
train,BoxingPunchingBag,v_BoxingPunchingBag_g13_c04,164
train,BoxingPunchingBag,v_BoxingPunchingBag_g14_c02,105
train,BoxingPunchingBag,v_BoxingPunchingBag_g14_c03,168
train,BoxingPunchingBag,v_BoxingPunchingBag_g14_c04,164
train,BoxingPunchingBag,v_BoxingPunchingBag_g14_c06,235
train,BoxingPunchingBag,v_BoxingPunchingBag_g14_c07,222
train,BoxingPunchingBag,v_BoxingPunchingBag_g15_c01,132
train,BoxingPunchingBag,v_BoxingPunchingBag_g15_c03,169
train,BoxingPunchingBag,v_BoxingPunchingBag_g15_c04,154
train,BoxingPunchingBag,v_BoxingPunchingBag_g15_c05,200
train,BoxingPunchingBag,v_BoxingPunchingBag_g15_c07,167
train,BoxingPunchingBag,v_BoxingPunchingBag_g16_c01,200
train,BoxingPunchingBag,v_BoxingPunchingBag_g16_c02,122
train,BoxingPunchingBag,v_BoxingPunchingBag_g16_c04,100
train,BoxingPunchingBag,v_BoxingPunchingBag_g16_c05,101
train,BoxingPunchingBag,v_BoxingPunchingBag_g16_c06,175
train,BoxingPunchingBag,v_BoxingPunchingBag_g17_c01,145
train,BoxingPunchingBag,v_BoxingPunchingBag_g17_c02,196
train,BoxingPunchingBag,v_BoxingPunchingBag_g17_c03,112
train,BoxingPunchingBag,v_BoxingPunchingBag_g18_c01,199
train,BoxingPunchingBag,v_BoxingPunchingBag_g18_c02,198
train,BoxingPunchingBag,v_BoxingPunchingBag_g18_c03,206
train,BoxingPunchingBag,v_BoxingPunchingBag_g18_c05,215
train,BoxingPunchingBag,v_BoxingPunchingBag_g18_c06,173
train,BoxingPunchingBag,v_BoxingPunchingBag_g19_c01,189
train,BoxingPunchingBag,v_BoxingPunchingBag_g19_c03,131
train,BoxingPunchingBag,v_BoxingPunchingBag_g19_c04,131
train,BoxingPunchingBag,v_BoxingPunchingBag_g19_c05,118
train,BoxingPunchingBag,v_BoxingPunchingBag_g19_c07,147
train,BoxingPunchingBag,v_BoxingPunchingBag_g20_c01,237
train,BoxingPunchingBag,v_BoxingPunchingBag_g20_c02,173
train,BoxingPunchingBag,v_BoxingPunchingBag_g20_c04,176
train,BoxingPunchingBag,v_BoxingPunchingBag_g20_c05,248
train,BoxingPunchingBag,v_BoxingPunchingBag_g20_c06,249
train,BoxingPunchingBag,v_BoxingPunchingBag_g21_c01,304
train,BoxingPunchingBag,v_BoxingPunchingBag_g21_c02,142
train,BoxingPunchingBag,v_BoxingPunchingBag_g21_c03,207
train,BoxingPunchingBag,v_BoxingPunchingBag_g21_c05,181
train,BoxingPunchingBag,v_BoxingPunchingBag_g21_c06,171
train,BoxingPunchingBag,v_BoxingPunchingBag_g21_c07,163
train,BoxingPunchingBag,v_BoxingPunchingBag_g22_c02,194
train,BoxingPunchingBag,v_BoxingPunchingBag_g22_c04,139
train,BoxingPunchingBag,v_BoxingPunchingBag_g22_c06,145
train,BoxingPunchingBag,v_BoxingPunchingBag_g23_c01,234
train,BoxingPunchingBag,v_BoxingPunchingBag_g23_c03,192
train,BoxingPunchingBag,v_BoxingPunchingBag_g23_c04,261
train,BoxingPunchingBag,v_BoxingPunchingBag_g23_c05,163
train,BoxingPunchingBag,v_BoxingPunchingBag_g23_c07,113
train,BoxingPunchingBag,v_BoxingPunchingBag_g24_c01,168
train,BoxingPunchingBag,v_BoxingPunchingBag_g24_c02,322
train,BoxingPunchingBag,v_BoxingPunchingBag_g24_c04,220
train,BoxingPunchingBag,v_BoxingPunchingBag_g24_c06,167
train,BoxingPunchingBag,v_BoxingPunchingBag_g25_c01,125
train,BoxingPunchingBag,v_BoxingPunchingBag_g25_c03,126
train,BoxingPunchingBag,v_BoxingPunchingBag_g25_c05,100
train,BoxingPunchingBag,v_BoxingPunchingBag_g25_c07,102
train,BreastStroke,v_BreastStroke_g01_c01,96
train,BreastStroke,v_BreastStroke_g01_c02,96
train,BreastStroke,v_BreastStroke_g01_c03,96
train,BreastStroke,v_BreastStroke_g02_c01,227
train,BreastStroke,v_BreastStroke_g02_c02,302
train,BreastStroke,v_BreastStroke_g02_c03,97
train,BreastStroke,v_BreastStroke_g03_c01,176
train,BreastStroke,v_BreastStroke_g03_c02,179
train,BreastStroke,v_BreastStroke_g03_c03,184
train,BreastStroke,v_BreastStroke_g04_c01,192
train,BreastStroke,v_BreastStroke_g04_c02,183
train,BreastStroke,v_BreastStroke_g04_c03,192
train,BreastStroke,v_BreastStroke_g05_c01,150
train,BreastStroke,v_BreastStroke_g05_c02,225
train,BreastStroke,v_BreastStroke_g05_c03,289
train,BreastStroke,v_BreastStroke_g06_c01,116
train,BreastStroke,v_BreastStroke_g06_c02,100
train,BreastStroke,v_BreastStroke_g06_c03,100
train,BreastStroke,v_BreastStroke_g07_c01,260
train,BreastStroke,v_BreastStroke_g07_c02,305
train,BreastStroke,v_BreastStroke_g07_c03,127
train,BreastStroke,v_BreastStroke_g08_c01,215
train,BreastStroke,v_BreastStroke_g08_c02,213
train,BreastStroke,v_BreastStroke_g08_c03,230
train,BreastStroke,v_BreastStroke_g09_c01,126
train,BreastStroke,v_BreastStroke_g09_c02,106
train,BreastStroke,v_BreastStroke_g09_c03,87
train,BreastStroke,v_BreastStroke_g10_c01,151
train,BreastStroke,v_BreastStroke_g10_c02,192
train,BreastStroke,v_BreastStroke_g10_c03,192
train,BreastStroke,v_BreastStroke_g11_c01,393
train,BreastStroke,v_BreastStroke_g11_c02,363
train,BreastStroke,v_BreastStroke_g11_c03,418
train,BreastStroke,v_BreastStroke_g12_c01,174
train,BreastStroke,v_BreastStroke_g12_c02,332
train,BreastStroke,v_BreastStroke_g12_c03,176
train,BreastStroke,v_BreastStroke_g13_c01,67
train,BreastStroke,v_BreastStroke_g13_c02,67
train,BreastStroke,v_BreastStroke_g13_c03,67
train,BreastStroke,v_BreastStroke_g14_c01,93
train,BreastStroke,v_BreastStroke_g14_c02,93
train,BreastStroke,v_BreastStroke_g14_c03,93
train,BreastStroke,v_BreastStroke_g15_c01,126
train,BreastStroke,v_BreastStroke_g15_c02,126
train,BreastStroke,v_BreastStroke_g15_c03,125
train,BreastStroke,v_BreastStroke_g16_c01,251
train,BreastStroke,v_BreastStroke_g16_c02,236
train,BreastStroke,v_BreastStroke_g16_c03,222
train,BreastStroke,v_BreastStroke_g17_c01,194
train,BreastStroke,v_BreastStroke_g17_c02,142
train,BreastStroke,v_BreastStroke_g17_c03,153
train,BreastStroke,v_BreastStroke_g18_c01,138
train,BreastStroke,v_BreastStroke_g18_c02,116
train,BreastStroke,v_BreastStroke_g18_c03,158
train,BreastStroke,v_BreastStroke_g18_c05,137
train,BreastStroke,v_BreastStroke_g19_c01,209
train,BreastStroke,v_BreastStroke_g19_c02,202
train,BreastStroke,v_BreastStroke_g19_c04,227
train,BreastStroke,v_BreastStroke_g20_c01,142
train,BreastStroke,v_BreastStroke_g20_c02,142
train,BreastStroke,v_BreastStroke_g20_c04,156
train,BreastStroke,v_BreastStroke_g21_c01,101
train,BreastStroke,v_BreastStroke_g21_c02,101
train,BreastStroke,v_BreastStroke_g21_c04,100
train,BreastStroke,v_BreastStroke_g22_c01,138
train,BreastStroke,v_BreastStroke_g22_c02,242
train,BreastStroke,v_BreastStroke_g23_c01,359
train,BreastStroke,v_BreastStroke_g23_c02,358
train,BreastStroke,v_BreastStroke_g24_c01,117
train,BreastStroke,v_BreastStroke_g24_c02,117
train,BreastStroke,v_BreastStroke_g24_c04,133
train,BreastStroke,v_BreastStroke_g25_c01,212
train,BreastStroke,v_BreastStroke_g25_c02,173
train,GolfSwing,v_GolfSwing_g01_c01,172
train,GolfSwing,v_GolfSwing_g01_c02,96
train,GolfSwing,v_GolfSwing_g01_c03,191
train,GolfSwing,v_GolfSwing_g01_c05,621
train,GolfSwing,v_GolfSwing_g01_c06,518
train,GolfSwing,v_GolfSwing_g02_c01,140
train,GolfSwing,v_GolfSwing_g02_c03,92
train,GolfSwing,v_GolfSwing_g02_c04,122
train,GolfSwing,v_GolfSwing_g03_c01,132
train,GolfSwing,v_GolfSwing_g03_c03,180
train,GolfSwing,v_GolfSwing_g03_c04,145
train,GolfSwing,v_GolfSwing_g03_c05,146
train,GolfSwing,v_GolfSwing_g03_c07,173
train,GolfSwing,v_GolfSwing_g04_c01,125
train,GolfSwing,v_GolfSwing_g04_c02,122
train,GolfSwing,v_GolfSwing_g04_c04,183
train,GolfSwing,v_GolfSwing_g04_c05,345
train,GolfSwing,v_GolfSwing_g04_c06,233
train,GolfSwing,v_GolfSwing_g05_c02,96
train,GolfSwing,v_GolfSwing_g05_c03,101
train,GolfSwing,v_GolfSwing_g05_c04,162
train,GolfSwing,v_GolfSwing_g05_c06,181
train,GolfSwing,v_GolfSwing_g05_c07,132
train,GolfSwing,v_GolfSwing_g06_c01,157
train,GolfSwing,v_GolfSwing_g06_c03,91
train,GolfSwing,v_GolfSwing_g06_c04,127
train,GolfSwing,v_GolfSwing_g07_c01,152
train,GolfSwing,v_GolfSwing_g07_c03,127
train,GolfSwing,v_GolfSwing_g07_c04,111
train,GolfSwing,v_GolfSwing_g07_c05,135
train,GolfSwing,v_GolfSwing_g08_c02,173
train,GolfSwing,v_GolfSwing_g08_c03,181
train,GolfSwing,v_GolfSwing_g08_c04,171
train,GolfSwing,v_GolfSwing_g08_c06,269
train,GolfSwing,v_GolfSwing_g09_c01,117
train,GolfSwing,v_GolfSwing_g09_c02,201
train,GolfSwing,v_GolfSwing_g09_c04,258
train,GolfSwing,v_GolfSwing_g10_c01,108
train,GolfSwing,v_GolfSwing_g10_c02,149
train,GolfSwing,v_GolfSwing_g10_c04,117
train,GolfSwing,v_GolfSwing_g11_c01,118
train,GolfSwing,v_GolfSwing_g11_c02,109
train,GolfSwing,v_GolfSwing_g11_c04,131
train,GolfSwing,v_GolfSwing_g11_c05,132
train,GolfSwing,v_GolfSwing_g11_c06,100
train,GolfSwing,v_GolfSwing_g12_c01,102
train,GolfSwing,v_GolfSwing_g12_c02,65
train,GolfSwing,v_GolfSwing_g12_c03,84
train,GolfSwing,v_GolfSwing_g13_c01,284
train,GolfSwing,v_GolfSwing_g13_c02,235
train,GolfSwing,v_GolfSwing_g13_c03,98
train,GolfSwing,v_GolfSwing_g14_c01,134
train,GolfSwing,v_GolfSwing_g14_c02,157
train,GolfSwing,v_GolfSwing_g14_c03,88
train,GolfSwing,v_GolfSwing_g15_c01,216
train,GolfSwing,v_GolfSwing_g15_c02,259
train,GolfSwing,v_GolfSwing_g15_c03,164
train,GolfSwing,v_GolfSwing_g16_c01,122
train,GolfSwing,v_GolfSwing_g16_c02,84
train,GolfSwing,v_GolfSwing_g16_c03,125
train,GolfSwing,v_GolfSwing_g17_c01,73
train,GolfSwing,v_GolfSwing_g17_c02,125
train,GolfSwing,v_GolfSwing_g17_c03,78
train,GolfSwing,v_GolfSwing_g17_c05,156
train,GolfSwing,v_GolfSwing_g17_c06,143
train,GolfSwing,v_GolfSwing_g17_c07,200
train,GolfSwing,v_GolfSwing_g18_c02,140
train,GolfSwing,v_GolfSwing_g18_c03,115
train,GolfSwing,v_GolfSwing_g18_c04,97
train,GolfSwing,v_GolfSwing_g18_c06,385
train,GolfSwing,v_GolfSwing_g19_c01,201
train,GolfSwing,v_GolfSwing_g19_c02,111
train,GolfSwing,v_GolfSwing_g19_c04,149
train,GolfSwing,v_GolfSwing_g19_c05,288
train,GolfSwing,v_GolfSwing_g19_c06,296
train,GolfSwing,v_GolfSwing_g20_c02,152
train,GolfSwing,v_GolfSwing_g20_c03,119
train,GolfSwing,v_GolfSwing_g20_c04,121
train,GolfSwing,v_GolfSwing_g20_c06,239
train,GolfSwing,v_GolfSwing_g20_c07,134
train,GolfSwing,v_GolfSwing_g21_c01,159
train,GolfSwing,v_GolfSwing_g21_c03,110
train,GolfSwing,v_GolfSwing_g21_c04,170
train,GolfSwing,v_GolfSwing_g21_c05,195
train,GolfSwing,v_GolfSwing_g22_c01,303
train,GolfSwing,v_GolfSwing_g22_c02,300
train,GolfSwing,v_GolfSwing_g22_c03,348
train,GolfSwing,v_GolfSwing_g22_c05,153
train,GolfSwing,v_GolfSwing_g22_c06,100
train,GolfSwing,v_GolfSwing_g23_c01,201
train,GolfSwing,v_GolfSwing_g23_c03,149
train,GolfSwing,v_GolfSwing_g23_c04,128
train,GolfSwing,v_GolfSwing_g23_c05,242
train,GolfSwing,v_GolfSwing_g23_c07,145
train,GolfSwing,v_GolfSwing_g24_c01,149
train,GolfSwing,v_GolfSwing_g24_c02,158
train,GolfSwing,v_GolfSwing_g24_c04,162
train,GolfSwing,v_GolfSwing_g24_c05,77
train,GolfSwing,v_GolfSwing_g24_c06,107
train,GolfSwing,v_GolfSwing_g25_c01,161
train,GolfSwing,v_GolfSwing_g25_c02,130
train,GolfSwing,v_GolfSwing_g25_c03,145
train,GolfSwing,v_GolfSwing_g25_c05,121
train,GolfSwing,v_GolfSwing_g25_c06,129
train,GolfSwing,v_GolfSwing_g25_c07,159
train,HammerThrow,v_HammerThrow_g01_c01,113
train,HammerThrow,v_HammerThrow_g01_c02,247
train,HammerThrow,v_HammerThrow_g01_c03,154
train,HammerThrow,v_HammerThrow_g01_c05,154
train,HammerThrow,v_HammerThrow_g01_c06,194
train,HammerThrow,v_HammerThrow_g02_c01,270
train,HammerThrow,v_HammerThrow_g02_c03,211
train,HammerThrow,v_HammerThrow_g02_c04,223
train,HammerThrow,v_HammerThrow_g02_c05,258
train,HammerThrow,v_HammerThrow_g02_c07,235
train,HammerThrow,v_HammerThrow_g03_c01,211
train,HammerThrow,v_HammerThrow_g03_c02,239
train,HammerThrow,v_HammerThrow_g03_c04,211
train,HammerThrow,v_HammerThrow_g03_c05,183
train,HammerThrow,v_HammerThrow_g03_c06,253
train,HammerThrow,v_HammerThrow_g04_c01,121
train,HammerThrow,v_HammerThrow_g04_c02,85
train,HammerThrow,v_HammerThrow_g04_c03,106
train,HammerThrow,v_HammerThrow_g04_c05,102
train,HammerThrow,v_HammerThrow_g04_c06,104
train,HammerThrow,v_HammerThrow_g04_c07,89
train,HammerThrow,v_HammerThrow_g05_c02,261
train,HammerThrow,v_HammerThrow_g05_c03,229
train,HammerThrow,v_HammerThrow_g05_c04,253
train,HammerThrow,v_HammerThrow_g05_c06,261
train,HammerThrow,v_HammerThrow_g06_c01,242
train,HammerThrow,v_HammerThrow_g06_c02,131
train,HammerThrow,v_HammerThrow_g06_c04,249
train,HammerThrow,v_HammerThrow_g06_c05,234
train,HammerThrow,v_HammerThrow_g06_c06,138
train,HammerThrow,v_HammerThrow_g07_c01,111
train,HammerThrow,v_HammerThrow_g07_c02,111
train,HammerThrow,v_HammerThrow_g07_c03,139
train,HammerThrow,v_HammerThrow_g07_c05,89
train,HammerThrow,v_HammerThrow_g08_c01,202
train,HammerThrow,v_HammerThrow_g08_c02,185
train,HammerThrow,v_HammerThrow_g08_c04,202
train,HammerThrow,v_HammerThrow_g08_c05,201
train,HammerThrow,v_HammerThrow_g08_c06,166
train,HammerThrow,v_HammerThrow_g09_c02,130
train,HammerThrow,v_HammerThrow_g09_c03,150
train,HammerThrow,v_HammerThrow_g09_c04,165
train,HammerThrow,v_HammerThrow_g09_c06,136
train,HammerThrow,v_HammerThrow_g09_c07,143
train,HammerThrow,v_HammerThrow_g10_c01,252
train,HammerThrow,v_HammerThrow_g10_c03,172
train,HammerThrow,v_HammerThrow_g10_c04,237
train,HammerThrow,v_HammerThrow_g10_c05,231
train,HammerThrow,v_HammerThrow_g10_c07,209
train,HammerThrow,v_HammerThrow_g11_c01,142
train,HammerThrow,v_HammerThrow_g11_c02,101
train,HammerThrow,v_HammerThrow_g11_c04,149
train,HammerThrow,v_HammerThrow_g11_c05,162
train,HammerThrow,v_HammerThrow_g11_c06,138
train,HammerThrow,v_HammerThrow_g12_c02,182
train,HammerThrow,v_HammerThrow_g12_c03,197
train,HammerThrow,v_HammerThrow_g12_c04,159
train,HammerThrow,v_HammerThrow_g12_c06,189
train,HammerThrow,v_HammerThrow_g12_c07,197
train,HammerThrow,v_HammerThrow_g13_c01,180
train,HammerThrow,v_HammerThrow_g13_c03,136
train,HammerThrow,v_HammerThrow_g13_c04,92
train,HammerThrow,v_HammerThrow_g13_c05,167
train,HammerThrow,v_HammerThrow_g13_c07,167
train,HammerThrow,v_HammerThrow_g14_c01,174
train,HammerThrow,v_HammerThrow_g14_c02,225
train,HammerThrow,v_HammerThrow_g14_c04,182
train,HammerThrow,v_HammerThrow_g14_c05,91
train,HammerThrow,v_HammerThrow_g14_c06,186
train,HammerThrow,v_HammerThrow_g15_c02,238
train,HammerThrow,v_HammerThrow_g15_c03,225
train,HammerThrow,v_HammerThrow_g15_c04,211
train,HammerThrow,v_HammerThrow_g16_c01,163
train,HammerThrow,v_HammerThrow_g16_c02,115
train,HammerThrow,v_HammerThrow_g16_c03,120
train,HammerThrow,v_HammerThrow_g17_c01,152
train,HammerThrow,v_HammerThrow_g17_c02,157
train,HammerThrow,v_HammerThrow_g17_c03,183
train,HammerThrow,v_HammerThrow_g17_c05,177
train,HammerThrow,v_HammerThrow_g18_c01,102
train,HammerThrow,v_HammerThrow_g18_c02,139
train,HammerThrow,v_HammerThrow_g18_c04,156
train,HammerThrow,v_HammerThrow_g18_c05,116
train,HammerThrow,v_HammerThrow_g19_c01,198
train,HammerThrow,v_HammerThrow_g19_c03,165
train,HammerThrow,v_HammerThrow_g19_c04,209
train,HammerThrow,v_HammerThrow_g19_c05,209
train,HammerThrow,v_HammerThrow_g19_c07,197
train,HammerThrow,v_HammerThrow_g20_c01,203
train,HammerThrow,v_HammerThrow_g20_c02,192
train,HammerThrow,v_HammerThrow_g20_c04,119
train,HammerThrow,v_HammerThrow_g20_c05,204
train,HammerThrow,v_HammerThrow_g21_c01,187
train,HammerThrow,v_HammerThrow_g21_c03,147
train,HammerThrow,v_HammerThrow_g21_c04,139
train,HammerThrow,v_HammerThrow_g21_c05,139
train,HammerThrow,v_HammerThrow_g22_c02,181
train,HammerThrow,v_HammerThrow_g22_c03,165
train,HammerThrow,v_HammerThrow_g22_c04,132
train,HammerThrow,v_HammerThrow_g22_c06,134
train,HammerThrow,v_HammerThrow_g22_c07,154
train,HammerThrow,v_HammerThrow_g23_c01,207
train,HammerThrow,v_HammerThrow_g23_c03,229
train,HammerThrow,v_HammerThrow_g23_c04,150
train,HammerThrow,v_HammerThrow_g23_c05,139
train,HammerThrow,v_HammerThrow_g23_c07,193
train,HammerThrow,v_HammerThrow_g24_c01,197
train,HammerThrow,v_HammerThrow_g24_c02,147
train,HammerThrow,v_HammerThrow_g24_c04,139
train,HammerThrow,v_HammerThrow_g25_c01,122
train,HammerThrow,v_HammerThrow_g25_c02,94
train,HammerThrow,v_HammerThrow_g25_c04,191
train,HammerThrow,v_HammerThrow_g25_c05,130
train,HighJump,v_HighJump_g01_c01,155
train,HighJump,v_HighJump_g01_c02,154
train,HighJump,v_HighJump_g01_c03,102
train,HighJump,v_HighJump_g01_c05,232
train,HighJump,v_HighJump_g02_c01,137
train,HighJump,v_HighJump_g02_c02,137
train,HighJump,v_HighJump_g02_c04,104
train,HighJump,v_HighJump_g02_c05,153
train,HighJump,v_HighJump_g02_c06,144
train,HighJump,v_HighJump_g03_c01,108
train,HighJump,v_HighJump_g03_c02,138
train,HighJump,v_HighJump_g03_c03,92
train,HighJump,v_HighJump_g04_c01,96
train,HighJump,v_HighJump_g04_c02,144
train,HighJump,v_HighJump_g04_c03,144
train,HighJump,v_HighJump_g04_c05,109
train,HighJump,v_HighJump_g04_c06,132
train,HighJump,v_HighJump_g05_c01,121
train,HighJump,v_HighJump_g05_c03,74
train,HighJump,v_HighJump_g05_c04,121
train,HighJump,v_HighJump_g05_c05,99
train,HighJump,v_HighJump_g06_c02,132
train,HighJump,v_HighJump_g06_c03,157
train,HighJump,v_HighJump_g06_c04,105
train,HighJump,v_HighJump_g07_c02,98
train,HighJump,v_HighJump_g07_c03,123
train,HighJump,v_HighJump_g07_c04,102
train,HighJump,v_HighJump_g07_c06,80
train,HighJump,v_HighJump_g08_c01,122
train,HighJump,v_HighJump_g08_c02,117
train,HighJump,v_HighJump_g08_c04,112
train,HighJump,v_HighJump_g08_c05,139
train,HighJump,v_HighJump_g09_c01,142
train,HighJump,v_HighJump_g09_c03,67
train,HighJump,v_HighJump_g09_c04,96
train,HighJump,v_HighJump_g09_c05,105
train,HighJump,v_HighJump_g10_c02,117
train,HighJump,v_HighJump_g10_c03,136
train,HighJump,v_HighJump_g10_c04,121
train,HighJump,v_HighJump_g11_c02,88
train,HighJump,v_HighJump_g11_c03,108
train,HighJump,v_HighJump_g11_c04,72
train,HighJump,v_HighJump_g11_c06,132
train,HighJump,v_HighJump_g11_c07,72
train,HighJump,v_HighJump_g12_c01,108
train,HighJump,v_HighJump_g12_c03,92
train,HighJump,v_HighJump_g12_c04,97
train,HighJump,v_HighJump_g13_c01,118
train,HighJump,v_HighJump_g13_c03,110
train,HighJump,v_HighJump_g13_c04,122
train,HighJump,v_HighJump_g13_c05,100
train,HighJump,v_HighJump_g14_c02,141
train,HighJump,v_HighJump_g14_c03,134
train,HighJump,v_HighJump_g14_c04,146
train,HighJump,v_HighJump_g15_c02,91
train,HighJump,v_HighJump_g15_c03,123
train,HighJump,v_HighJump_g15_c04,127
train,HighJump,v_HighJump_g16_c02,71
train,HighJump,v_HighJump_g16_c03,81
train,HighJump,v_HighJump_g16_c04,64
train,HighJump,v_HighJump_g17_c01,134
train,HighJump,v_HighJump_g17_c02,142
train,HighJump,v_HighJump_g17_c03,116
train,HighJump,v_HighJump_g18_c01,72
train,HighJump,v_HighJump_g18_c02,72
train,HighJump,v_HighJump_g18_c03,133
train,HighJump,v_HighJump_g19_c01,121
train,HighJump,v_HighJump_g19_c02,81
train,HighJump,v_HighJump_g19_c03,61
train,HighJump,v_HighJump_g19_c05,117
train,HighJump,v_HighJump_g20_c01,106
train,HighJump,v_HighJump_g20_c02,101
train,HighJump,v_HighJump_g20_c04,91
train,HighJump,v_HighJump_g20_c05,111
train,HighJump,v_HighJump_g21_c01,135
train,HighJump,v_HighJump_g21_c03,126
train,HighJump,v_HighJump_g21_c04,132
train,HighJump,v_HighJump_g22_c01,108
train,HighJump,v_HighJump_g22_c03,121
train,HighJump,v_HighJump_g22_c04,136
train,HighJump,v_HighJump_g22_c05,95
train,HighJump,v_HighJump_g23_c02,156
train,HighJump,v_HighJump_g23_c03,133
train,HighJump,v_HighJump_g23_c04,85
train,HighJump,v_HighJump_g23_c06,121
train,HighJump,v_HighJump_g24_c02,74
train,HighJump,v_HighJump_g24_c04,132
train,HighJump,v_HighJump_g25_c01,96
train,HighJump,v_HighJump_g25_c03,85
train,HighJump,v_HighJump_g25_c05,96
train,HorseRiding,v_HorseRiding_g01_c01,239
train,HorseRiding,v_HorseRiding_g01_c02,102
train,HorseRiding,v_HorseRiding_g01_c03,98
train,HorseRiding,v_HorseRiding_g01_c05,120
train,HorseRiding,v_HorseRiding_g01_c06,171
train,HorseRiding,v_HorseRiding_g01_c07,120
train,HorseRiding,v_HorseRiding_g02_c02,132
train,HorseRiding,v_HorseRiding_g02_c03,121
train,HorseRiding,v_HorseRiding_g02_c04,168
train,HorseRiding,v_HorseRiding_g02_c06,180
train,HorseRiding,v_HorseRiding_g02_c07,120
train,HorseRiding,v_HorseRiding_g03_c01,185
train,HorseRiding,v_HorseRiding_g03_c03,151
train,HorseRiding,v_HorseRiding_g03_c04,151
train,HorseRiding,v_HorseRiding_g03_c05,156
train,HorseRiding,v_HorseRiding_g03_c07,192
train,HorseRiding,v_HorseRiding_g04_c01,201
train,HorseRiding,v_HorseRiding_g04_c02,201
train,HorseRiding,v_HorseRiding_g04_c04,201
train,HorseRiding,v_HorseRiding_g04_c05,240
train,HorseRiding,v_HorseRiding_g04_c06,240
train,HorseRiding,v_HorseRiding_g05_c01,151
train,HorseRiding,v_HorseRiding_g05_c02,151
train,HorseRiding,v_HorseRiding_g05_c03,151
train,HorseRiding,v_HorseRiding_g05_c05,180
train,HorseRiding,v_HorseRiding_g05_c06,240
train,HorseRiding,v_HorseRiding_g05_c07,240
train,HorseRiding,v_HorseRiding_g06_c02,240
train,HorseRiding,v_HorseRiding_g06_c03,180
train,HorseRiding,v_HorseRiding_g06_c04,180
train,HorseRiding,v_HorseRiding_g06_c06,204
train,HorseRiding,v_HorseRiding_g06_c07,216
train,HorseRiding,v_HorseRiding_g07_c01,180
train,HorseRiding,v_HorseRiding_g07_c03,180
train,HorseRiding,v_HorseRiding_g07_c04,180
train,HorseRiding,v_HorseRiding_g07_c05,180
train,HorseRiding,v_HorseRiding_g07_c07,240
train,HorseRiding,v_HorseRiding_g08_c01,153
train,HorseRiding,v_HorseRiding_g08_c02,151
train,HorseRiding,v_HorseRiding_g08_c04,151
train,HorseRiding,v_HorseRiding_g08_c05,240
train,HorseRiding,v_HorseRiding_g08_c06,175
train,HorseRiding,v_HorseRiding_g09_c02,170
train,HorseRiding,v_HorseRiding_g09_c03,201
train,HorseRiding,v_HorseRiding_g09_c04,201
train,HorseRiding,v_HorseRiding_g09_c06,240
train,HorseRiding,v_HorseRiding_g10_c01,201
train,HorseRiding,v_HorseRiding_g10_c02,201
train,HorseRiding,v_HorseRiding_g10_c04,201
train,HorseRiding,v_HorseRiding_g10_c05,201
train,HorseRiding,v_HorseRiding_g10_c06,201
train,HorseRiding,v_HorseRiding_g11_c01,240
train,HorseRiding,v_HorseRiding_g11_c02,240
train,HorseRiding,v_HorseRiding_g11_c03,151
train,HorseRiding,v_HorseRiding_g11_c05,151
train,HorseRiding,v_HorseRiding_g11_c06,151
train,HorseRiding,v_HorseRiding_g11_c07,240
train,HorseRiding,v_HorseRiding_g12_c02,201
train,HorseRiding,v_HorseRiding_g12_c03,201
train,HorseRiding,v_HorseRiding_g12_c04,201
train,HorseRiding,v_HorseRiding_g12_c06,204
train,HorseRiding,v_HorseRiding_g12_c07,174
train,HorseRiding,v_HorseRiding_g13_c01,201
train,HorseRiding,v_HorseRiding_g13_c03,201
train,HorseRiding,v_HorseRiding_g13_c04,201
train,HorseRiding,v_HorseRiding_g14_c01,153
train,HorseRiding,v_HorseRiding_g14_c03,93
train,HorseRiding,v_HorseRiding_g14_c04,93
train,HorseRiding,v_HorseRiding_g14_c05,180
train,HorseRiding,v_HorseRiding_g14_c07,180
train,HorseRiding,v_HorseRiding_g15_c01,241
train,HorseRiding,v_HorseRiding_g15_c02,157
train,HorseRiding,v_HorseRiding_g15_c04,151
train,HorseRiding,v_HorseRiding_g15_c05,151
train,HorseRiding,v_HorseRiding_g15_c06,151
train,HorseRiding,v_HorseRiding_g16_c02,161
train,HorseRiding,v_HorseRiding_g16_c03,161
train,HorseRiding,v_HorseRiding_g16_c04,169
train,HorseRiding,v_HorseRiding_g16_c06,312
train,HorseRiding,v_HorseRiding_g17_c01,240
train,HorseRiding,v_HorseRiding_g17_c02,240
train,HorseRiding,v_HorseRiding_g17_c04,240
train,HorseRiding,v_HorseRiding_g17_c05,240
train,HorseRiding,v_HorseRiding_g17_c06,240
train,HorseRiding,v_HorseRiding_g18_c02,201
train,HorseRiding,v_HorseRiding_g18_c03,201
train,HorseRiding,v_HorseRiding_g18_c04,201
train,HorseRiding,v_HorseRiding_g18_c06,240
train,HorseRiding,v_HorseRiding_g19_c01,192
train,HorseRiding,v_HorseRiding_g19_c02,180
train,HorseRiding,v_HorseRiding_g19_c04,180
train,HorseRiding,v_HorseRiding_g19_c05,240
train,HorseRiding,v_HorseRiding_g19_c06,240
train,HorseRiding,v_HorseRiding_g20_c01,201
train,HorseRiding,v_HorseRiding_g20_c02,175
train,HorseRiding,v_HorseRiding_g20_c03,176
train,HorseRiding,v_HorseRiding_g20_c05,163
train,HorseRiding,v_HorseRiding_g20_c06,212
train,HorseRiding,v_HorseRiding_g20_c07,180
train,HorseRiding,v_HorseRiding_g21_c02,146
train,HorseRiding,v_HorseRiding_g21_c03,201
train,HorseRiding,v_HorseRiding_g21_c04,167
train,HorseRiding,v_HorseRiding_g21_c06,240
train,HorseRiding,v_HorseRiding_g22_c01,240
train,HorseRiding,v_HorseRiding_g22_c02,240
train,HorseRiding,v_HorseRiding_g22_c04,240
train,HorseRiding,v_HorseRiding_g22_c05,240
train,HorseRiding,v_HorseRiding_g22_c06,240
train,HorseRiding,v_HorseRiding_g23_c01,200
train,HorseRiding,v_HorseRiding_g23_c02,251
train,HorseRiding,v_HorseRiding_g23_c03,151
train,HorseRiding,v_HorseRiding_g23_c05,180
train,HorseRiding,v_HorseRiding_g23_c06,201
train,HorseRiding,v_HorseRiding_g24_c01,151
train,HorseRiding,v_HorseRiding_g24_c03,151
train,HorseRiding,v_HorseRiding_g24_c04,180
train,HorseRiding,v_HorseRiding_g24_c05,180
train,HorseRiding,v_HorseRiding_g24_c07,240
train,HorseRiding,v_HorseRiding_g25_c01,240
train,HorseRiding,v_HorseRiding_g25_c02,240
train,HorseRiding,v_HorseRiding_g25_c04,240
train,HorseRiding,v_HorseRiding_g25_c05,240
train,HorseRiding,v_HorseRiding_g25_c06,240
train,Kayaking,v_Kayaking_g01_c01,229
train,Kayaking,v_Kayaking_g01_c02,192
train,Kayaking,v_Kayaking_g01_c03,187
train,Kayaking,v_Kayaking_g01_c05,201
train,Kayaking,v_Kayaking_g01_c06,198
train,Kayaking,v_Kayaking_g02_c01,198
train,Kayaking,v_Kayaking_g02_c03,181
train,Kayaking,v_Kayaking_g02_c04,181
train,Kayaking,v_Kayaking_g03_c01,163
train,Kayaking,v_Kayaking_g03_c03,162
train,Kayaking,v_Kayaking_g03_c04,187
train,Kayaking,v_Kayaking_g04_c01,209
train,Kayaking,v_Kayaking_g04_c03,181
train,Kayaking,v_Kayaking_g04_c04,211
train,Kayaking,v_Kayaking_g04_c05,191
train,Kayaking,v_Kayaking_g04_c07,187
train,Kayaking,v_Kayaking_g05_c01,185
train,Kayaking,v_Kayaking_g05_c02,181
train,Kayaking,v_Kayaking_g05_c04,185
train,Kayaking,v_Kayaking_g06_c01,151
train,Kayaking,v_Kayaking_g06_c02,163
train,Kayaking,v_Kayaking_g06_c04,155
train,Kayaking,v_Kayaking_g06_c05,156
train,Kayaking,v_Kayaking_g06_c06,161
train,Kayaking,v_Kayaking_g07_c01,177
train,Kayaking,v_Kayaking_g07_c02,166
train,Kayaking,v_Kayaking_g07_c03,159
train,Kayaking,v_Kayaking_g08_c01,182
train,Kayaking,v_Kayaking_g08_c02,156
train,Kayaking,v_Kayaking_g08_c03,151
train,Kayaking,v_Kayaking_g08_c05,156
train,Kayaking,v_Kayaking_g08_c06,151
train,Kayaking,v_Kayaking_g09_c01,193
train,Kayaking,v_Kayaking_g09_c03,199
train,Kayaking,v_Kayaking_g09_c04,200
train,Kayaking,v_Kayaking_g09_c05,190
train,Kayaking,v_Kayaking_g10_c01,165
train,Kayaking,v_Kayaking_g10_c02,157
train,Kayaking,v_Kayaking_g10_c03,159
train,Kayaking,v_Kayaking_g10_c05,175
train,Kayaking,v_Kayaking_g11_c01,158
train,Kayaking,v_Kayaking_g11_c02,158
train,Kayaking,v_Kayaking_g11_c04,158
train,Kayaking,v_Kayaking_g11_c05,153
train,Kayaking,v_Kayaking_g11_c06,154
train,Kayaking,v_Kayaking_g12_c01,465
train,Kayaking,v_Kayaking_g12_c02,368
train,Kayaking,v_Kayaking_g12_c03,372
train,Kayaking,v_Kayaking_g13_c01,381
train,Kayaking,v_Kayaking_g13_c02,502
train,Kayaking,v_Kayaking_g13_c03,375
train,Kayaking,v_Kayaking_g14_c01,151
train,Kayaking,v_Kayaking_g14_c02,151
train,Kayaking,v_Kayaking_g14_c03,153
train,Kayaking,v_Kayaking_g15_c01,165
train,Kayaking,v_Kayaking_g15_c02,160
train,Kayaking,v_Kayaking_g15_c03,151
train,Kayaking,v_Kayaking_g15_c05,158
train,Kayaking,v_Kayaking_g15_c06,158
train,Kayaking,v_Kayaking_g15_c07,158
train,Kayaking,v_Kayaking_g16_c02,326
train,Kayaking,v_Kayaking_g16_c03,325
train,Kayaking,v_Kayaking_g16_c04,303
train,Kayaking,v_Kayaking_g16_c06,376
train,Kayaking,v_Kayaking_g16_c07,310
train,Kayaking,v_Kayaking_g17_c01,168
train,Kayaking,v_Kayaking_g17_c03,174
train,Kayaking,v_Kayaking_g17_c04,197
train,Kayaking,v_Kayaking_g17_c05,154
train,Kayaking,v_Kayaking_g18_c01,164
train,Kayaking,v_Kayaking_g18_c02,182
train,Kayaking,v_Kayaking_g18_c03,167
train,Kayaking,v_Kayaking_g18_c05,157
train,Kayaking,v_Kayaking_g18_c06,155
train,Kayaking,v_Kayaking_g18_c07,161
train,Kayaking,v_Kayaking_g19_c02,151
train,Kayaking,v_Kayaking_g19_c03,181
train,Kayaking,v_Kayaking_g19_c04,151
train,Kayaking,v_Kayaking_g20_c01,164
train,Kayaking,v_Kayaking_g20_c02,162
train,Kayaking,v_Kayaking_g20_c03,151
train,Kayaking,v_Kayaking_g20_c05,163
train,Kayaking,v_Kayaking_g20_c06,179
train,Kayaking,v_Kayaking_g20_c07,151
train,Kayaking,v_Kayaking_g21_c02,192
train,Kayaking,v_Kayaking_g21_c03,152
train,Kayaking,v_Kayaking_g21_c04,208
train,Kayaking,v_Kayaking_g21_c06,157
train,Kayaking,v_Kayaking_g21_c07,160
train,Kayaking,v_Kayaking_g22_c01,187
train,Kayaking,v_Kayaking_g22_c03,193
train,Kayaking,v_Kayaking_g22_c04,188
train,Kayaking,v_Kayaking_g22_c05,209
train,Kayaking,v_Kayaking_g22_c07,196
train,Kayaking,v_Kayaking_g23_c01,176
train,Kayaking,v_Kayaking_g23_c02,154
train,Kayaking,v_Kayaking_g23_c04,151
train,Kayaking,v_Kayaking_g23_c05,240
train,Kayaking,v_Kayaking_g23_c06,156
train,Kayaking,v_Kayaking_g24_c02,199
train,Kayaking,v_Kayaking_g24_c03,204
train,Kayaking,v_Kayaking_g24_c04,192
train,Kayaking,v_Kayaking_g24_c06,188
train,Kayaking,v_Kayaking_g25_c01,311
train,Kayaking,v_Kayaking_g25_c02,398
train,Kayaking,v_Kayaking_g25_c04,303
train,SkyDiving,v_SkyDiving_g01_c01,187
train,SkyDiving,v_SkyDiving_g01_c02,194
train,SkyDiving,v_SkyDiving_g01_c03,126
train,SkyDiving,v_SkyDiving_g02_c01,30
train,SkyDiving,v_SkyDiving_g02_c02,127
train,SkyDiving,v_SkyDiving_g02_c03,136
train,SkyDiving,v_SkyDiving_g03_c01,187
train,SkyDiving,v_SkyDiving_g03_c02,202
train,SkyDiving,v_SkyDiving_g03_c03,194
train,SkyDiving,v_SkyDiving_g03_c05,247
train,SkyDiving,v_SkyDiving_g04_c01,149
train,SkyDiving,v_SkyDiving_g04_c02,141
train,SkyDiving,v_SkyDiving_g04_c04,102
train,SkyDiving,v_SkyDiving_g05_c01,186
train,SkyDiving,v_SkyDiving_g05_c02,170
train,SkyDiving,v_SkyDiving_g05_c04,211
train,SkyDiving,v_SkyDiving_g05_c05,220
train,SkyDiving,v_SkyDiving_g06_c01,85
train,SkyDiving,v_SkyDiving_g06_c03,160
train,SkyDiving,v_SkyDiving_g06_c04,154
train,SkyDiving,v_SkyDiving_g07_c01,167
train,SkyDiving,v_SkyDiving_g07_c03,203
train,SkyDiving,v_SkyDiving_g07_c04,93
train,SkyDiving,v_SkyDiving_g07_c05,156
train,SkyDiving,v_SkyDiving_g08_c02,244
train,SkyDiving,v_SkyDiving_g08_c03,207
train,SkyDiving,v_SkyDiving_g08_c04,211
train,SkyDiving,v_SkyDiving_g09_c02,208
train,SkyDiving,v_SkyDiving_g09_c03,203
train,SkyDiving,v_SkyDiving_g09_c04,215
train,SkyDiving,v_SkyDiving_g10_c02,200
train,SkyDiving,v_SkyDiving_g10_c03,189
train,SkyDiving,v_SkyDiving_g10_c04,179
train,SkyDiving,v_SkyDiving_g11_c01,209
train,SkyDiving,v_SkyDiving_g11_c02,200
train,SkyDiving,v_SkyDiving_g11_c03,212
train,SkyDiving,v_SkyDiving_g12_c01,228
train,SkyDiving,v_SkyDiving_g12_c02,151
train,SkyDiving,v_SkyDiving_g12_c03,312
train,SkyDiving,v_SkyDiving_g13_c01,117
train,SkyDiving,v_SkyDiving_g13_c02,216
train,SkyDiving,v_SkyDiving_g13_c03,196
train,SkyDiving,v_SkyDiving_g14_c01,210
train,SkyDiving,v_SkyDiving_g14_c02,198
train,SkyDiving,v_SkyDiving_g14_c03,201
train,SkyDiving,v_SkyDiving_g15_c01,206
train,SkyDiving,v_SkyDiving_g15_c02,172
train,SkyDiving,v_SkyDiving_g15_c03,198
train,SkyDiving,v_SkyDiving_g15_c05,48
train,SkyDiving,v_SkyDiving_g16_c01,198
train,SkyDiving,v_SkyDiving_g16_c02,213
train,SkyDiving,v_SkyDiving_g16_c04,263
train,SkyDiving,v_SkyDiving_g17_c01,198
train,SkyDiving,v_SkyDiving_g17_c02,181
train,SkyDiving,v_SkyDiving_g17_c04,208
train,SkyDiving,v_SkyDiving_g17_c05,182
train,SkyDiving,v_SkyDiving_g18_c01,175
train,SkyDiving,v_SkyDiving_g18_c03,173
train,SkyDiving,v_SkyDiving_g18_c04,176
train,SkyDiving,v_SkyDiving_g18_c05,224
train,SkyDiving,v_SkyDiving_g19_c01,82
train,SkyDiving,v_SkyDiving_g19_c02,97
train,SkyDiving,v_SkyDiving_g19_c03,168
train,SkyDiving,v_SkyDiving_g20_c01,137
train,SkyDiving,v_SkyDiving_g20_c02,198
train,SkyDiving,v_SkyDiving_g20_c03,226
train,SkyDiving,v_SkyDiving_g20_c05,222
train,SkyDiving,v_SkyDiving_g20_c06,248
train,SkyDiving,v_SkyDiving_g21_c01,209
train,SkyDiving,v_SkyDiving_g21_c03,203
train,SkyDiving,v_SkyDiving_g21_c04,209
train,SkyDiving,v_SkyDiving_g22_c01,329
train,SkyDiving,v_SkyDiving_g22_c03,298
train,SkyDiving,v_SkyDiving_g22_c04,304
train,SkyDiving,v_SkyDiving_g23_c01,166
train,SkyDiving,v_SkyDiving_g23_c03,185
train,SkyDiving,v_SkyDiving_g23_c04,167
train,SkyDiving,v_SkyDiving_g24_c01,136
train,SkyDiving,v_SkyDiving_g24_c03,188
train,SkyDiving,v_SkyDiving_g24_c04,286
train,SkyDiving,v_SkyDiving_g25_c01,134
train,SoccerPenalty,v_SoccerPenalty_g01_c01,153
train,SoccerPenalty,v_SoccerPenalty_g01_c02,138
train,SoccerPenalty,v_SoccerPenalty_g01_c03,148
train,SoccerPenalty,v_SoccerPenalty_g01_c05,105
train,SoccerPenalty,v_SoccerPenalty_g01_c06,92
train,SoccerPenalty,v_SoccerPenalty_g02_c01,118
train,SoccerPenalty,v_SoccerPenalty_g02_c03,91
train,SoccerPenalty,v_SoccerPenalty_g02_c04,121
train,SoccerPenalty,v_SoccerPenalty_g02_c05,100
train,SoccerPenalty,v_SoccerPenalty_g03_c02,96
train,SoccerPenalty,v_SoccerPenalty_g03_c03,138
train,SoccerPenalty,v_SoccerPenalty_g03_c04,98
train,SoccerPenalty,v_SoccerPenalty_g04_c01,58
train,SoccerPenalty,v_SoccerPenalty_g04_c02,72
train,SoccerPenalty,v_SoccerPenalty_g04_c03,70
train,SoccerPenalty,v_SoccerPenalty_g04_c05,115
train,SoccerPenalty,v_SoccerPenalty_g05_c01,94
train,SoccerPenalty,v_SoccerPenalty_g05_c02,78
train,SoccerPenalty,v_SoccerPenalty_g05_c04,79
train,SoccerPenalty,v_SoccerPenalty_g05_c05,100
train,SoccerPenalty,v_SoccerPenalty_g05_c06,75
train,SoccerPenalty,v_SoccerPenalty_g06_c01,101
train,SoccerPenalty,v_SoccerPenalty_g06_c02,50
train,SoccerPenalty,v_SoccerPenalty_g06_c03,65
train,SoccerPenalty,v_SoccerPenalty_g06_c05,60
train,SoccerPenalty,v_SoccerPenalty_g06_c06,86
train,SoccerPenalty,v_SoccerPenalty_g06_c07,62
train,SoccerPenalty,v_SoccerPenalty_g07_c02,146
train,SoccerPenalty,v_SoccerPenalty_g07_c03,73
train,SoccerPenalty,v_SoccerPenalty_g07_c04,71
train,SoccerPenalty,v_SoccerPenalty_g07_c06,96
train,SoccerPenalty,v_SoccerPenalty_g08_c01,110
train,SoccerPenalty,v_SoccerPenalty_g08_c02,87
train,SoccerPenalty,v_SoccerPenalty_g08_c04,169
train,SoccerPenalty,v_SoccerPenalty_g08_c05,125
train,SoccerPenalty,v_SoccerPenalty_g08_c06,82
train,SoccerPenalty,v_SoccerPenalty_g09_c02,92
train,SoccerPenalty,v_SoccerPenalty_g09_c03,119
train,SoccerPenalty,v_SoccerPenalty_g09_c04,91
train,SoccerPenalty,v_SoccerPenalty_g10_c01,90
train,SoccerPenalty,v_SoccerPenalty_g10_c02,71
train,SoccerPenalty,v_SoccerPenalty_g10_c03,119
train,SoccerPenalty,v_SoccerPenalty_g10_c05,131
train,SoccerPenalty,v_SoccerPenalty_g11_c01,115
train,SoccerPenalty,v_SoccerPenalty_g11_c02,138
train,SoccerPenalty,v_SoccerPenalty_g11_c04,77
train,SoccerPenalty,v_SoccerPenalty_g11_c05,105
train,SoccerPenalty,v_SoccerPenalty_g12_c01,81
train,SoccerPenalty,v_SoccerPenalty_g12_c03,60
train,SoccerPenalty,v_SoccerPenalty_g12_c04,76
train,SoccerPenalty,v_SoccerPenalty_g12_c05,75
train,SoccerPenalty,v_SoccerPenalty_g12_c07,65
train,SoccerPenalty,v_SoccerPenalty_g13_c01,98
train,SoccerPenalty,v_SoccerPenalty_g13_c02,87
train,SoccerPenalty,v_SoccerPenalty_g13_c04,77
train,SoccerPenalty,v_SoccerPenalty_g13_c05,102
train,SoccerPenalty,v_SoccerPenalty_g13_c06,76
train,SoccerPenalty,v_SoccerPenalty_g14_c02,135
train,SoccerPenalty,v_SoccerPenalty_g14_c03,87
train,SoccerPenalty,v_SoccerPenalty_g14_c04,86
train,SoccerPenalty,v_SoccerPenalty_g14_c06,133
train,SoccerPenalty,v_SoccerPenalty_g15_c01,100
train,SoccerPenalty,v_SoccerPenalty_g15_c02,102
train,SoccerPenalty,v_SoccerPenalty_g15_c04,79
train,SoccerPenalty,v_SoccerPenalty_g15_c05,78
train,SoccerPenalty,v_SoccerPenalty_g15_c06,76
train,SoccerPenalty,v_SoccerPenalty_g16_c01,134
train,SoccerPenalty,v_SoccerPenalty_g16_c02,89
train,SoccerPenalty,v_SoccerPenalty_g16_c03,128
train,SoccerPenalty,v_SoccerPenalty_g16_c05,114
train,SoccerPenalty,v_SoccerPenalty_g17_c01,101
train,SoccerPenalty,v_SoccerPenalty_g17_c02,94
train,SoccerPenalty,v_SoccerPenalty_g17_c04,84
train,SoccerPenalty,v_SoccerPenalty_g18_c01,71
train,SoccerPenalty,v_SoccerPenalty_g18_c02,123
train,SoccerPenalty,v_SoccerPenalty_g18_c04,73
train,SoccerPenalty,v_SoccerPenalty_g18_c05,91
train,SoccerPenalty,v_SoccerPenalty_g19_c01,93
train,SoccerPenalty,v_SoccerPenalty_g19_c03,84
train,SoccerPenalty,v_SoccerPenalty_g19_c04,90
train,SoccerPenalty,v_SoccerPenalty_g20_c01,138
train,SoccerPenalty,v_SoccerPenalty_g20_c03,183
train,SoccerPenalty,v_SoccerPenalty_g20_c04,86
train,SoccerPenalty,v_SoccerPenalty_g20_c05,123
train,SoccerPenalty,v_SoccerPenalty_g21_c02,72
train,SoccerPenalty,v_SoccerPenalty_g21_c03,96
train,SoccerPenalty,v_SoccerPenalty_g21_c04,70
train,SoccerPenalty,v_SoccerPenalty_g22_c01,63
train,SoccerPenalty,v_SoccerPenalty_g22_c02,71
train,SoccerPenalty,v_SoccerPenalty_g22_c03,77
train,SoccerPenalty,v_SoccerPenalty_g22_c05,90
train,SoccerPenalty,v_SoccerPenalty_g23_c01,77
train,SoccerPenalty,v_SoccerPenalty_g23_c02,105
train,SoccerPenalty,v_SoccerPenalty_g23_c04,89
train,SoccerPenalty,v_SoccerPenalty_g23_c05,96
train,SoccerPenalty,v_SoccerPenalty_g23_c06,104
train,SoccerPenalty,v_SoccerPenalty_g24_c02,91
train,SoccerPenalty,v_SoccerPenalty_g24_c03,116
train,SoccerPenalty,v_SoccerPenalty_g24_c04,75
train,SoccerPenalty,v_SoccerPenalty_g24_c06,94
train,SoccerPenalty,v_SoccerPenalty_g25_c01,64
train,SoccerPenalty,v_SoccerPenalty_g25_c02,110
train,SoccerPenalty,v_SoccerPenalty_g25_c04,87
train,Surfing,v_Surfing_g01_c01,254
train,Surfing,v_Surfing_g01_c02,203
train,Surfing,v_Surfing_g01_c03,220
train,Surfing,v_Surfing_g01_c05,118
train,Surfing,v_Surfing_g01_c06,213
train,Surfing,v_Surfing_g01_c07,235
train,Surfing,v_Surfing_g02_c02,94
train,Surfing,v_Surfing_g02_c03,279
train,Surfing,v_Surfing_g02_c04,243
train,Surfing,v_Surfing_g02_c06,278
train,Surfing,v_Surfing_g03_c01,126
train,Surfing,v_Surfing_g03_c02,128
train,Surfing,v_Surfing_g03_c04,135
train,Surfing,v_Surfing_g04_c01,113
train,Surfing,v_Surfing_g04_c02,176
train,Surfing,v_Surfing_g04_c04,132
train,Surfing,v_Surfing_g05_c01,237
train,Surfing,v_Surfing_g05_c02,297
train,Surfing,v_Surfing_g05_c04,241
train,Surfing,v_Surfing_g06_c01,265
train,Surfing,v_Surfing_g06_c02,265
train,Surfing,v_Surfing_g06_c04,140
train,Surfing,v_Surfing_g07_c01,264
train,Surfing,v_Surfing_g07_c02,241
train,Surfing,v_Surfing_g07_c04,213
train,Surfing,v_Surfing_g08_c01,192
train,Surfing,v_Surfing_g08_c02,325
train,Surfing,v_Surfing_g08_c04,237
train,Surfing,v_Surfing_g08_c05,267
train,Surfing,v_Surfing_g08_c06,249
train,Surfing,v_Surfing_g09_c01,206
train,Surfing,v_Surfing_g09_c02,256
train,Surfing,v_Surfing_g09_c03,219
train,Surfing,v_Surfing_g09_c05,255
train,Surfing,v_Surfing_g10_c01,244
train,Surfing,v_Surfing_g10_c02,240
train,Surfing,v_Surfing_g10_c04,266
train,Surfing,v_Surfing_g10_c05,253
train,Surfing,v_Surfing_g10_c06,192
train,Surfing,v_Surfing_g11_c02,255
train,Surfing,v_Surfing_g11_c03,150
train,Surfing,v_Surfing_g11_c04,178
train,Surfing,v_Surfing_g12_c02,251
train,Surfing,v_Surfing_g12_c03,210
train,Surfing,v_Surfing_g12_c04,226
train,Surfing,v_Surfing_g12_c06,168
train,Surfing,v_Surfing_g12_c07,267
train,Surfing,v_Surfing_g13_c01,204
train,Surfing,v_Surfing_g13_c03,175
train,Surfing,v_Surfing_g13_c04,126
train,Surfing,v_Surfing_g13_c05,249
train,Surfing,v_Surfing_g14_c02,205
train,Surfing,v_Surfing_g14_c03,150
train,Surfing,v_Surfing_g14_c04,211
train,Surfing,v_Surfing_g15_c02,163
train,Surfing,v_Surfing_g15_c03,109
train,Surfing,v_Surfing_g15_c04,127
train,Surfing,v_Surfing_g15_c06,178
train,Surfing,v_Surfing_g15_c07,158
train,Surfing,v_Surfing_g16_c01,259
train,Surfing,v_Surfing_g16_c03,251
train,Surfing,v_Surfing_g16_c04,248
train,Surfing,v_Surfing_g16_c05,253
train,Surfing,v_Surfing_g16_c07,236
train,Surfing,v_Surfing_g17_c01,232
train,Surfing,v_Surfing_g17_c02,250
train,Surfing,v_Surfing_g17_c04,173
train,Surfing,v_Surfing_g17_c05,193
train,Surfing,v_Surfing_g17_c06,246
train,Surfing,v_Surfing_g18_c01,126
train,Surfing,v_Surfing_g18_c02,156
train,Surfing,v_Surfing_g18_c03,76
train,Surfing,v_Surfing_g19_c01,330
train,Surfing,v_Surfing_g19_c02,232
train,Surfing,v_Surfing_g19_c03,174
train,Surfing,v_Surfing_g20_c01,272
train,Surfing,v_Surfing_g20_c02,243
train,Surfing,v_Surfing_g20_c03,164
train,Surfing,v_Surfing_g20_c05,246
train,Surfing,v_Surfing_g20_c06,259
train,Surfing,v_Surfing_g21_c01,130
train,Surfing,v_Surfing_g21_c03,137
train,Surfing,v_Surfing_g21_c04,152
train,Surfing,v_Surfing_g22_c01,76
train,Surfing,v_Surfing_g22_c03,76
train,Surfing,v_Surfing_g22_c04,76
train,Surfing,v_Surfing_g23_c01,129
train,Surfing,v_Surfing_g23_c03,115
train,Surfing,v_Surfing_g23_c04,186
train,Surfing,v_Surfing_g24_c01,249
train,Surfing,v_Surfing_g24_c03,245
train,Surfing,v_Surfing_g24_c04,250
train,Surfing,v_Surfing_g25_c01,111
train,Surfing,v_Surfing_g25_c03,129
train,Surfing,v_Surfing_g25_c04,178
test,Archery,v_Archery_g01_c02,142
test,Archery,v_Archery_g01_c06,108
test,Archery,v_Archery_g02_c01,158
test,Archery,v_Archery_g02_c07,166
test,Archery,v_Archery_g03_c04,139
test,Archery,v_Archery_g04_c02,173
test,Archery,v_Archery_g04_c03,140
test,Archery,v_Archery_g05_c02,558
test,Archery,v_Archery_g06_c01,81
test,Archery,v_Archery_g07_c03,52
test,Archery,v_Archery_g08_c01,363
test,Archery,v_Archery_g10_c01,111
test,Archery,v_Archery_g10_c02,140
test,Archery,v_Archery_g11_c02,303
test,Archery,v_Archery_g11_c06,244
test,Archery,v_Archery_g12_c04,195
test,Archery,v_Archery_g13_c01,150
test,Archery,v_Archery_g13_c04,167
test,Archery,v_Archery_g15_c02,185
test,Archery,v_Archery_g15_c03,186
test,Archery,v_Archery_g16_c01,152
test,Archery,v_Archery_g16_c02,226
test,Archery,v_Archery_g17_c01,147
test,Archery,v_Archery_g18_c01,168
test,Archery,v_Archery_g18_c02,292
test,Archery,v_Archery_g19_c02,91
test,Archery,v_Archery_g20_c01,92
test,Archery,v_Archery_g20_c02,86
test,Archery,v_Archery_g21_c02,176
test,Archery,v_Archery_g22_c02,71
test,Archery,v_Archery_g23_c01,124
test,Archery,v_Archery_g24_c02,242
test,Archery,v_Archery_g24_c06,123
test,Archery,v_Archery_g25_c04,260
test,Archery,v_Archery_g25_c05,205
test,BalanceBeam,v_BalanceBeam_g01_c01,126
test,BalanceBeam,v_BalanceBeam_g02_c01,83
test,BalanceBeam,v_BalanceBeam_g03_c01,198
test,BalanceBeam,v_BalanceBeam_g04_c02,231
test,BalanceBeam,v_BalanceBeam_g05_c02,115
test,BalanceBeam,v_BalanceBeam_g06_c02,119
test,BalanceBeam,v_BalanceBeam_g06_c06,112
test,BalanceBeam,v_BalanceBeam_g07_c03,203
test,BalanceBeam,v_BalanceBeam_g08_c03,126
test,BalanceBeam,v_BalanceBeam_g09_c03,175
test,BalanceBeam,v_BalanceBeam_g10_c03,106
test,BalanceBeam,v_BalanceBeam_g11_c03,128
test,BalanceBeam,v_BalanceBeam_g12_c03,171
test,BalanceBeam,v_BalanceBeam_g13_c03,138
test,BalanceBeam,v_BalanceBeam_g14_c02,96
test,BalanceBeam,v_BalanceBeam_g15_c02,76
test,BalanceBeam,v_BalanceBeam_g16_c02,111
test,BalanceBeam,v_BalanceBeam_g17_c02,111
test,BalanceBeam,v_BalanceBeam_g17_c06,111
test,BalanceBeam,v_BalanceBeam_g18_c04,112
test,BalanceBeam,v_BalanceBeam_g19_c02,92
test,BalanceBeam,v_BalanceBeam_g19_c04,126
test,BalanceBeam,v_BalanceBeam_g20_c01,85
test,BalanceBeam,v_BalanceBeam_g20_c04,92
test,BalanceBeam,v_BalanceBeam_g21_c04,126
test,BalanceBeam,v_BalanceBeam_g22_c03,111
test,BalanceBeam,v_BalanceBeam_g23_c03,58
test,BalanceBeam,v_BalanceBeam_g24_c02,91
test,BalanceBeam,v_BalanceBeam_g25_c02,111
test,BalanceBeam,v_BalanceBeam_g25_c04,103
test,BaseballPitch,v_BaseballPitch_g01_c04,105
test,BaseballPitch,v_BaseballPitch_g01_c06,102
test,BaseballPitch,v_BaseballPitch_g02_c02,72
test,BaseballPitch,v_BaseballPitch_g03_c02,120
test,BaseballPitch,v_BaseballPitch_g03_c04,80
test,BaseballPitch,v_BaseballPitch_g03_c06,76
test,BaseballPitch,v_BaseballPitch_g04_c01,213
test,BaseballPitch,v_BaseballPitch_g04_c03,99
test,BaseballPitch,v_BaseballPitch_g04_c05,116
test,BaseballPitch,v_BaseballPitch_g05_c02,94
test,BaseballPitch,v_BaseballPitch_g05_c04,116
test,BaseballPitch,v_BaseballPitch_g05_c06,116
test,BaseballPitch,v_BaseballPitch_g06_c03,105
test,BaseballPitch,v_BaseballPitch_g06_c07,81
test,BaseballPitch,v_BaseballPitch_g07_c04,88
test,BaseballPitch,v_BaseballPitch_g07_c06,78
test,BaseballPitch,v_BaseballPitch_g08_c01,113
test,BaseballPitch,v_BaseballPitch_g08_c03,100
test,BaseballPitch,v_BaseballPitch_g08_c05,110
test,BaseballPitch,v_BaseballPitch_g08_c07,105
test,BaseballPitch,v_BaseballPitch_g09_c02,75
test,BaseballPitch,v_BaseballPitch_g09_c06,68
test,BaseballPitch,v_BaseballPitch_g10_c03,118
test,BaseballPitch,v_BaseballPitch_g11_c02,74
test,BaseballPitch,v_BaseballPitch_g12_c01,126
test,BaseballPitch,v_BaseballPitch_g12_c03,98
test,BaseballPitch,v_BaseballPitch_g13_c01,126
test,BaseballPitch,v_BaseballPitch_g13_c05,75
test,BaseballPitch,v_BaseballPitch_g14_c02,138
test,BaseballPitch,v_BaseballPitch_g15_c02,73
test,BaseballPitch,v_BaseballPitch_g15_c04,86
test,BaseballPitch,v_BaseballPitch_g15_c06,79
test,BaseballPitch,v_BaseballPitch_g16_c03,126
test,BaseballPitch,v_BaseballPitch_g17_c01,134
test,BaseballPitch,v_BaseballPitch_g17_c05,73
test,BaseballPitch,v_BaseballPitch_g18_c02,136
test,BaseballPitch,v_BaseballPitch_g18_c04,79
test,BaseballPitch,v_BaseballPitch_g18_c06,67
test,BaseballPitch,v_BaseballPitch_g19_c03,155
test,BaseballPitch,v_BaseballPitch_g20_c02,110
test,BaseballPitch,v_BaseballPitch_g21_c02,88
test,BaseballPitch,v_BaseballPitch_g21_c04,152
test,BaseballPitch,v_BaseballPitch_g22_c02,104
test,BaseballPitch,v_BaseballPitch_g22_c06,71
test,BaseballPitch,v_BaseballPitch_g23_c03,78
test,BaseballPitch,v_BaseballPitch_g23_c07,104
test,BaseballPitch,v_BaseballPitch_g24_c04,116
test,BaseballPitch,v_BaseballPitch_g25_c01,133
test,BaseballPitch,v_BaseballPitch_g25_c05,111
test,BaseballPitch,v_BaseballPitch_g25_c07,132
test,Basketball,v_Basketball_g01_c04,108
test,Basketball,v_Basketball_g02_c01,53
test,Basketball,v_Basketball_g02_c05,144
test,Basketball,v_Basketball_g03_c03,120
test,Basketball,v_Basketball_g04_c01,109
test,Basketball,v_Basketball_g05_c01,134
test,Basketball,v_Basketball_g06_c01,71
test,Basketball,v_Basketball_g07_c01,142
test,Basketball,v_Basketball_g08_c01,171
test,Basketball,v_Basketball_g09_c01,111
test,Basketball,v_Basketball_g09_c05,122
test,Basketball,v_Basketball_g10_c04,103
test,Basketball,v_Basketball_g11_c03,75
test,Basketball,v_Basketball_g12_c02,184
test,Basketball,v_Basketball_g13_c01,300
test,Basketball,v_Basketball_g14_c01,81
test,Basketball,v_Basketball_g14_c05,91
test,Basketball,v_Basketball_g15_c04,112
test,Basketball,v_Basketball_g16_c01,528
test,Basketball,v_Basketball_g16_c05,471
test,Basketball,v_Basketball_g17_c03,214
test,Basketball,v_Basketball_g18_c03,180
test,Basketball,v_Basketball_g19_c02,143
test,Basketball,v_Basketball_g19_c06,101
test,Basketball,v_Basketball_g20_c03,105
test,Basketball,v_Basketball_g20_c07,74
test,Basketball,v_Basketball_g21_c04,130
test,Basketball,v_Basketball_g22_c02,102
test,Basketball,v_Basketball_g22_c06,101
test,Basketball,v_Basketball_g23_c03,120
test,Basketball,v_Basketball_g23_c05,104
test,Basketball,v_Basketball_g24_c01,133
test,Basketball,v_Basketball_g25_c01,125
test,Basketball,v_Basketball_g25_c05,180
test,Basketball,v_Basketball_g25_c07,131
test,BoxingPunchingBag,v_BoxingPunchingBag_g01_c04,169
test,BoxingPunchingBag,v_BoxingPunchingBag_g02_c01,131
test,BoxingPunchingBag,v_BoxingPunchingBag_g02_c05,169
test,BoxingPunchingBag,v_BoxingPunchingBag_g03_c02,152
test,BoxingPunchingBag,v_BoxingPunchingBag_g03_c06,140
test,BoxingPunchingBag,v_BoxingPunchingBag_g04_c03,212
test,BoxingPunchingBag,v_BoxingPunchingBag_g04_c07,226
test,BoxingPunchingBag,v_BoxingPunchingBag_g05_c04,238
test,BoxingPunchingBag,v_BoxingPunchingBag_g06_c01,132
test,BoxingPunchingBag,v_BoxingPunchingBag_g06_c05,65
test,BoxingPunchingBag,v_BoxingPunchingBag_g07_c02,275
test,BoxingPunchingBag,v_BoxingPunchingBag_g07_c06,279
test,BoxingPunchingBag,v_BoxingPunchingBag_g08_c03,266
test,BoxingPunchingBag,v_BoxingPunchingBag_g08_c07,472
test,BoxingPunchingBag,v_BoxingPunchingBag_g09_c04,146
test,BoxingPunchingBag,v_BoxingPunchingBag_g10_c01,101
test,BoxingPunchingBag,v_BoxingPunchingBag_g11_c01,167
test,BoxingPunchingBag,v_BoxingPunchingBag_g11_c05,303
test,BoxingPunchingBag,v_BoxingPunchingBag_g12_c04,119
test,BoxingPunchingBag,v_BoxingPunchingBag_g13_c01,113
test,BoxingPunchingBag,v_BoxingPunchingBag_g14_c01,256
test,BoxingPunchingBag,v_BoxingPunchingBag_g14_c05,125
test,BoxingPunchingBag,v_BoxingPunchingBag_g15_c02,183
test,BoxingPunchingBag,v_BoxingPunchingBag_g15_c06,229
test,BoxingPunchingBag,v_BoxingPunchingBag_g16_c03,173
test,BoxingPunchingBag,v_BoxingPunchingBag_g16_c07,157
test,BoxingPunchingBag,v_BoxingPunchingBag_g17_c04,188
test,BoxingPunchingBag,v_BoxingPunchingBag_g18_c04,136
test,BoxingPunchingBag,v_BoxingPunchingBag_g19_c02,104
test,BoxingPunchingBag,v_BoxingPunchingBag_g19_c06,105
test,BoxingPunchingBag,v_BoxingPunchingBag_g20_c03,216
test,BoxingPunchingBag,v_BoxingPunchingBag_g20_c07,157
test,BoxingPunchingBag,v_BoxingPunchingBag_g21_c04,141
test,BoxingPunchingBag,v_BoxingPunchingBag_g22_c01,232
test,BoxingPunchingBag,v_BoxingPunchingBag_g22_c03,198
test,BoxingPunchingBag,v_BoxingPunchingBag_g22_c05,173
test,BoxingPunchingBag,v_BoxingPunchingBag_g22_c07,203
test,BoxingPunchingBag,v_BoxingPunchingBag_g23_c02,161
test,BoxingPunchingBag,v_BoxingPunchingBag_g23_c06,109
test,BoxingPunchingBag,v_BoxingPunchingBag_g24_c03,225
test,BoxingPunchingBag,v_BoxingPunchingBag_g24_c05,339
test,BoxingPunchingBag,v_BoxingPunchingBag_g24_c07,263
test,BoxingPunchingBag,v_BoxingPunchingBag_g25_c02,120
test,BoxingPunchingBag,v_BoxingPunchingBag_g25_c04,120
test,BoxingPunchingBag,v_BoxingPunchingBag_g25_c06,251
test,BreastStroke,v_BreastStroke_g01_c04,96
test,BreastStroke,v_BreastStroke_g02_c04,261
test,BreastStroke,v_BreastStroke_g03_c04,187
test,BreastStroke,v_BreastStroke_g04_c04,217
test,BreastStroke,v_BreastStroke_g05_c04,333
test,BreastStroke,v_BreastStroke_g06_c04,114
test,BreastStroke,v_BreastStroke_g07_c04,198
test,BreastStroke,v_BreastStroke_g08_c04,199
test,BreastStroke,v_BreastStroke_g09_c04,93
test,BreastStroke,v_BreastStroke_g10_c04,266
test,BreastStroke,v_BreastStroke_g11_c04,374
test,BreastStroke,v_BreastStroke_g12_c04,178
test,BreastStroke,v_BreastStroke_g13_c04,86
test,BreastStroke,v_BreastStroke_g14_c04,97
test,BreastStroke,v_BreastStroke_g15_c04,121
test,BreastStroke,v_BreastStroke_g16_c04,214
test,BreastStroke,v_BreastStroke_g17_c04,106
test,BreastStroke,v_BreastStroke_g18_c04,97
test,BreastStroke,v_BreastStroke_g19_c03,231
test,BreastStroke,v_BreastStroke_g20_c03,142
test,BreastStroke,v_BreastStroke_g21_c03,101
test,BreastStroke,v_BreastStroke_g22_c03,272
test,BreastStroke,v_BreastStroke_g22_c04,332
test,BreastStroke,v_BreastStroke_g23_c03,335
test,BreastStroke,v_BreastStroke_g23_c04,378
test,BreastStroke,v_BreastStroke_g24_c03,117
test,BreastStroke,v_BreastStroke_g25_c03,151
test,BreastStroke,v_BreastStroke_g25_c04,151
test,GolfSwing,v_GolfSwing_g01_c04,76
test,GolfSwing,v_GolfSwing_g02_c02,117
test,GolfSwing,v_GolfSwing_g03_c02,113
test,GolfSwing,v_GolfSwing_g03_c06,252
test,GolfSwing,v_GolfSwing_g04_c03,171
test,GolfSwing,v_GolfSwing_g05_c01,114
test,GolfSwing,v_GolfSwing_g05_c05,120
test,GolfSwing,v_GolfSwing_g06_c02,109
test,GolfSwing,v_GolfSwing_g07_c02,101
test,GolfSwing,v_GolfSwing_g08_c01,141
test,GolfSwing,v_GolfSwing_g08_c05,168
test,GolfSwing,v_GolfSwing_g09_c03,195
test,GolfSwing,v_GolfSwing_g10_c03,145
test,GolfSwing,v_GolfSwing_g11_c03,136
test,GolfSwing,v_GolfSwing_g11_c07,129
test,GolfSwing,v_GolfSwing_g12_c04,90
test,GolfSwing,v_GolfSwing_g13_c04,238
test,GolfSwing,v_GolfSwing_g14_c04,109
test,GolfSwing,v_GolfSwing_g15_c04,231
test,GolfSwing,v_GolfSwing_g16_c04,129
test,GolfSwing,v_GolfSwing_g17_c04,82
test,GolfSwing,v_GolfSwing_g18_c01,155
test,GolfSwing,v_GolfSwing_g18_c05,641
test,GolfSwing,v_GolfSwing_g19_c03,190
test,GolfSwing,v_GolfSwing_g20_c01,229
test,GolfSwing,v_GolfSwing_g20_c05,217
test,GolfSwing,v_GolfSwing_g21_c02,97
test,GolfSwing,v_GolfSwing_g21_c06,147
test,GolfSwing,v_GolfSwing_g22_c04,199
test,GolfSwing,v_GolfSwing_g23_c02,168
test,GolfSwing,v_GolfSwing_g23_c06,293
test,GolfSwing,v_GolfSwing_g24_c03,162
test,GolfSwing,v_GolfSwing_g24_c07,149
test,GolfSwing,v_GolfSwing_g25_c04,128
test,HammerThrow,v_HammerThrow_g01_c04,240
test,HammerThrow,v_HammerThrow_g02_c02,259
test,HammerThrow,v_HammerThrow_g02_c06,211
test,HammerThrow,v_HammerThrow_g03_c03,166
test,HammerThrow,v_HammerThrow_g03_c07,225
test,HammerThrow,v_HammerThrow_g04_c04,89
test,HammerThrow,v_HammerThrow_g05_c01,245
test,HammerThrow,v_HammerThrow_g05_c05,246
test,HammerThrow,v_HammerThrow_g06_c03,160
test,HammerThrow,v_HammerThrow_g06_c07,227
test,HammerThrow,v_HammerThrow_g07_c04,85
test,HammerThrow,v_HammerThrow_g08_c03,202
test,HammerThrow,v_HammerThrow_g09_c01,133
test,HammerThrow,v_HammerThrow_g09_c05,137
test,HammerThrow,v_HammerThrow_g10_c02,182
test,HammerThrow,v_HammerThrow_g10_c06,129
test,HammerThrow,v_HammerThrow_g11_c03,157
test,HammerThrow,v_HammerThrow_g12_c01,182
test,HammerThrow,v_HammerThrow_g12_c05,167
test,HammerThrow,v_HammerThrow_g13_c02,91
test,HammerThrow,v_HammerThrow_g13_c06,179
test,HammerThrow,v_HammerThrow_g14_c03,178
test,HammerThrow,v_HammerThrow_g15_c01,234
test,HammerThrow,v_HammerThrow_g15_c05,227
test,HammerThrow,v_HammerThrow_g16_c04,148
test,HammerThrow,v_HammerThrow_g17_c04,180
test,HammerThrow,v_HammerThrow_g18_c03,131
test,HammerThrow,v_HammerThrow_g19_c02,175
test,HammerThrow,v_HammerThrow_g19_c06,241
test,HammerThrow,v_HammerThrow_g20_c03,191
test,HammerThrow,v_HammerThrow_g21_c02,232
test,HammerThrow,v_HammerThrow_g22_c01,154
test,HammerThrow,v_HammerThrow_g22_c05,134
test,HammerThrow,v_HammerThrow_g23_c02,125
test,HammerThrow,v_HammerThrow_g23_c06,205
test,HammerThrow,v_HammerThrow_g24_c03,161
test,HammerThrow,v_HammerThrow_g25_c03,125
test,HighJump,v_HighJump_g01_c04,179
test,HighJump,v_HighJump_g02_c03,121
test,HighJump,v_HighJump_g02_c07,128
test,HighJump,v_HighJump_g03_c04,183
test,HighJump,v_HighJump_g04_c04,108
test,HighJump,v_HighJump_g05_c02,71
test,HighJump,v_HighJump_g06_c01,108
test,HighJump,v_HighJump_g07_c01,116
test,HighJump,v_HighJump_g07_c05,91
test,HighJump,v_HighJump_g08_c03,123
test,HighJump,v_HighJump_g09_c02,91
test,HighJump,v_HighJump_g10_c01,117
test,HighJump,v_HighJump_g11_c01,96
test,HighJump,v_HighJump_g11_c05,72
test,HighJump,v_HighJump_g12_c02,101
test,HighJump,v_HighJump_g13_c02,80
test,HighJump,v_HighJump_g14_c01,101
test,HighJump,v_HighJump_g15_c01,86
test,HighJump,v_HighJump_g16_c01,91
test,HighJump,v_HighJump_g16_c05,90
test,HighJump,v_HighJump_g17_c04,115
test,HighJump,v_HighJump_g18_c04,118
test,HighJump,v_HighJump_g19_c04,154
test,HighJump,v_HighJump_g20_c03,101
test,HighJump,v_HighJump_g21_c02,138
test,HighJump,v_HighJump_g22_c02,108
test,HighJump,v_HighJump_g23_c01,108
test,HighJump,v_HighJump_g23_c05,101
test,HighJump,v_HighJump_g24_c01,60
test,HighJump,v_HighJump_g24_c03,98
test,HighJump,v_HighJump_g24_c05,73
test,HighJump,v_HighJump_g25_c02,120
test,HighJump,v_HighJump_g25_c04,96
test,HorseRiding,v_HorseRiding_g01_c04,119
test,HorseRiding,v_HorseRiding_g02_c01,180
test,HorseRiding,v_HorseRiding_g02_c05,180
test,HorseRiding,v_HorseRiding_g03_c02,151
test,HorseRiding,v_HorseRiding_g03_c06,180
test,HorseRiding,v_HorseRiding_g04_c03,127
test,HorseRiding,v_HorseRiding_g04_c07,240
test,HorseRiding,v_HorseRiding_g05_c04,151
test,HorseRiding,v_HorseRiding_g06_c01,240
test,HorseRiding,v_HorseRiding_g06_c05,180
test,HorseRiding,v_HorseRiding_g07_c02,180
test,HorseRiding,v_HorseRiding_g07_c06,180
test,HorseRiding,v_HorseRiding_g08_c03,151
test,HorseRiding,v_HorseRiding_g09_c01,201
test,HorseRiding,v_HorseRiding_g09_c05,240
test,HorseRiding,v_HorseRiding_g10_c03,201
test,HorseRiding,v_HorseRiding_g10_c07,240
test,HorseRiding,v_HorseRiding_g11_c04,151
test,HorseRiding,v_HorseRiding_g12_c01,201
test,HorseRiding,v_HorseRiding_g12_c05,140
test,HorseRiding,v_HorseRiding_g13_c02,201
test,HorseRiding,v_HorseRiding_g14_c02,32
test,HorseRiding,v_HorseRiding_g14_c06,180
test,HorseRiding,v_HorseRiding_g15_c03,171
test,HorseRiding,v_HorseRiding_g16_c01,161
test,HorseRiding,v_HorseRiding_g16_c05,302
test,HorseRiding,v_HorseRiding_g17_c03,240
test,HorseRiding,v_HorseRiding_g18_c01,201
test,HorseRiding,v_HorseRiding_g18_c05,240
test,HorseRiding,v_HorseRiding_g19_c03,191
test,HorseRiding,v_HorseRiding_g19_c07,240
test,HorseRiding,v_HorseRiding_g20_c04,163
test,HorseRiding,v_HorseRiding_g21_c01,171
test,HorseRiding,v_HorseRiding_g21_c05,189
test,HorseRiding,v_HorseRiding_g22_c03,240
test,HorseRiding,v_HorseRiding_g22_c07,240
test,HorseRiding,v_HorseRiding_g23_c04,126
test,HorseRiding,v_HorseRiding_g24_c02,188
test,HorseRiding,v_HorseRiding_g24_c06,180
test,HorseRiding,v_HorseRiding_g25_c03,240
test,HorseRiding,v_HorseRiding_g25_c07,240
test,Kayaking,v_Kayaking_g01_c04,188
test,Kayaking,v_Kayaking_g02_c02,214
test,Kayaking,v_Kayaking_g03_c02,166
test,Kayaking,v_Kayaking_g04_c02,237
test,Kayaking,v_Kayaking_g04_c06,185
test,Kayaking,v_Kayaking_g05_c03,183
test,Kayaking,v_Kayaking_g06_c03,151
test,Kayaking,v_Kayaking_g06_c07,151
test,Kayaking,v_Kayaking_g07_c04,152
test,Kayaking,v_Kayaking_g08_c04,170
test,Kayaking,v_Kayaking_g09_c02,194
test,Kayaking,v_Kayaking_g09_c06,205
test,Kayaking,v_Kayaking_g10_c04,214
test,Kayaking,v_Kayaking_g11_c03,161
test,Kayaking,v_Kayaking_g11_c07,171
test,Kayaking,v_Kayaking_g12_c04,306
test,Kayaking,v_Kayaking_g13_c04,375
test,Kayaking,v_Kayaking_g14_c04,151
test,Kayaking,v_Kayaking_g15_c04,159
test,Kayaking,v_Kayaking_g16_c01,313
test,Kayaking,v_Kayaking_g16_c05,301
test,Kayaking,v_Kayaking_g17_c02,154
test,Kayaking,v_Kayaking_g17_c06,151
test,Kayaking,v_Kayaking_g18_c04,157
test,Kayaking,v_Kayaking_g19_c01,205
test,Kayaking,v_Kayaking_g19_c05,184
test,Kayaking,v_Kayaking_g20_c04,154
test,Kayaking,v_Kayaking_g21_c01,158
test,Kayaking,v_Kayaking_g21_c05,194
test,Kayaking,v_Kayaking_g22_c02,181
test,Kayaking,v_Kayaking_g22_c06,183
test,Kayaking,v_Kayaking_g23_c03,172
test,Kayaking,v_Kayaking_g24_c01,185
test,Kayaking,v_Kayaking_g24_c05,196
test,Kayaking,v_Kayaking_g25_c03,352
test,SkyDiving,v_SkyDiving_g01_c04,97
test,SkyDiving,v_SkyDiving_g02_c04,114
test,SkyDiving,v_SkyDiving_g03_c04,232
test,SkyDiving,v_SkyDiving_g04_c03,127
test,SkyDiving,v_SkyDiving_g05_c03,200
test,SkyDiving,v_SkyDiving_g06_c02,153
test,SkyDiving,v_SkyDiving_g07_c02,179
test,SkyDiving,v_SkyDiving_g08_c01,180
test,SkyDiving,v_SkyDiving_g09_c01,198
test,SkyDiving,v_SkyDiving_g10_c01,196
test,SkyDiving,v_SkyDiving_g10_c05,166
test,SkyDiving,v_SkyDiving_g11_c04,203
test,SkyDiving,v_SkyDiving_g12_c04,356
test,SkyDiving,v_SkyDiving_g13_c04,123
test,SkyDiving,v_SkyDiving_g14_c04,167
test,SkyDiving,v_SkyDiving_g15_c04,222
test,SkyDiving,v_SkyDiving_g16_c03,200
test,SkyDiving,v_SkyDiving_g17_c03,200
test,SkyDiving,v_SkyDiving_g18_c02,265
test,SkyDiving,v_SkyDiving_g18_c06,172
test,SkyDiving,v_SkyDiving_g19_c04,177
test,SkyDiving,v_SkyDiving_g20_c04,248
test,SkyDiving,v_SkyDiving_g21_c02,208
test,SkyDiving,v_SkyDiving_g22_c02,322
test,SkyDiving,v_SkyDiving_g23_c02,182
test,SkyDiving,v_SkyDiving_g24_c02,229
test,SkyDiving,v_SkyDiving_g25_c02,180
test,SkyDiving,v_SkyDiving_g25_c03,192
test,SkyDiving,v_SkyDiving_g25_c04,201
test,SoccerPenalty,v_SoccerPenalty_g01_c04,132
test,SoccerPenalty,v_SoccerPenalty_g02_c02,100
test,SoccerPenalty,v_SoccerPenalty_g03_c01,98
test,SoccerPenalty,v_SoccerPenalty_g03_c05,70
test,SoccerPenalty,v_SoccerPenalty_g04_c04,83
test,SoccerPenalty,v_SoccerPenalty_g05_c03,89
test,SoccerPenalty,v_SoccerPenalty_g05_c07,137
test,SoccerPenalty,v_SoccerPenalty_g06_c04,55
test,SoccerPenalty,v_SoccerPenalty_g07_c01,60
test,SoccerPenalty,v_SoccerPenalty_g07_c05,70
test,SoccerPenalty,v_SoccerPenalty_g08_c03,129
test,SoccerPenalty,v_SoccerPenalty_g09_c01,103
test,SoccerPenalty,v_SoccerPenalty_g09_c05,146
test,SoccerPenalty,v_SoccerPenalty_g10_c04,140
test,SoccerPenalty,v_SoccerPenalty_g11_c03,97
test,SoccerPenalty,v_SoccerPenalty_g12_c02,94
test,SoccerPenalty,v_SoccerPenalty_g12_c06,45
test,SoccerPenalty,v_SoccerPenalty_g13_c03,79
test,SoccerPenalty,v_SoccerPenalty_g14_c01,140
test,SoccerPenalty,v_SoccerPenalty_g14_c05,117
test,SoccerPenalty,v_SoccerPenalty_g15_c03,110
test,SoccerPenalty,v_SoccerPenalty_g15_c07,86
test,SoccerPenalty,v_SoccerPenalty_g16_c04,90
test,SoccerPenalty,v_SoccerPenalty_g17_c03,98
test,SoccerPenalty,v_SoccerPenalty_g18_c03,80
test,SoccerPenalty,v_SoccerPenalty_g19_c02,97
test,SoccerPenalty,v_SoccerPenalty_g20_c02,70
test,SoccerPenalty,v_SoccerPenalty_g21_c01,123
test,SoccerPenalty,v_SoccerPenalty_g21_c05,82
test,SoccerPenalty,v_SoccerPenalty_g22_c04,101
test,SoccerPenalty,v_SoccerPenalty_g23_c03,84
test,SoccerPenalty,v_SoccerPenalty_g24_c01,82
test,SoccerPenalty,v_SoccerPenalty_g24_c05,87
test,SoccerPenalty,v_SoccerPenalty_g25_c03,98
test,Surfing,v_Surfing_g01_c04,283
test,Surfing,v_Surfing_g02_c01,158
test,Surfing,v_Surfing_g02_c05,168
test,Surfing,v_Surfing_g03_c03,126
test,Surfing,v_Surfing_g04_c03,144
test,Surfing,v_Surfing_g05_c03,277
test,Surfing,v_Surfing_g06_c03,126
test,Surfing,v_Surfing_g07_c03,196
test,Surfing,v_Surfing_g08_c03,337
test,Surfing,v_Surfing_g08_c07,264
test,Surfing,v_Surfing_g09_c04,142
test,Surfing,v_Surfing_g10_c03,126
test,Surfing,v_Surfing_g11_c01,196
test,Surfing,v_Surfing_g12_c01,364
test,Surfing,v_Surfing_g12_c05,210
test,Surfing,v_Surfing_g13_c02,246
test,Surfing,v_Surfing_g14_c01,177
test,Surfing,v_Surfing_g15_c01,155
test,Surfing,v_Surfing_g15_c05,142
test,Surfing,v_Surfing_g16_c02,239
test,Surfing,v_Surfing_g16_c06,248
test,Surfing,v_Surfing_g17_c03,251
test,Surfing,v_Surfing_g17_c07,229
test,Surfing,v_Surfing_g18_c04,120
test,Surfing,v_Surfing_g19_c04,266
test,Surfing,v_Surfing_g20_c04,257
test,Surfing,v_Surfing_g21_c02,186
test,Surfing,v_Surfing_g22_c02,76
test,Surfing,v_Surfing_g23_c02,102
test,Surfing,v_Surfing_g24_c02,247
test,Surfing,v_Surfing_g25_c02,153
